{"info":{"_postman_id":"057ae209-f42c-43fb-a8fa-00a184d526d4","name":"数据操作","schema":"https://schema.getpostman.com/json/collection/v2.1.0/collection.json"},"item":[{"name":"data","id":"e6f8b9ce-a888-4e26-8448-01fbc05cbce2","protocolProfileBehavior":{"disableBodyPruning":true},"request":{"method":"GET","header":[],"url":{"raw":"{{address}}/data?code=0a980a&pass=南山浪人","host":["{{address}}"],"path":["data"],"query":[{"key":"code","value":"0a980a"},{"key":"pass","value":"南山浪人"}]}},"response":[]},{"name":"data upload","id":"3b1efd55-bc1f-42be-a0a4-0a645b7bb0c8","protocolProfileBehavior":{"disableBodyPruning":true},"request":{"method":"POST","header":[],"body":{"mode":"raw","raw":"{\n    \"title\": \"我心飞扬\",\n    \"text\": \"我来自圣洁，走向灰暗\"\n}","options":{"raw":{"language":"json"}}},"url":{"raw":"{{address}}/data","host":["{{address}}"],"path":["data"]}},"response":[]},{"name":"Title","id":"1540c0e5-3ab5-4f88-a51d-f8e66fef242a","protocolProfileBehavior":{"disableBodyPruning":true},"request":{"method":"GET","header":[],"url":{"raw":"{{address}}/data/title?code=9a1c7d","host":["{{address}}"],"path":["data","title"],"query":[{"key":"code","value":"9a1c7d"}]}},"response":[]}]}