{"info":{"_postman_id":"17d9575f-a6fc-4915-abc2-bd77ebc51ca6","name":"DataPointTest","schema":"https://schema.getpostman.com/json/collection/v2.1.0/collection.json"},"item":[{"name":"get all datapoint without data","id":"8bcbc997-be1e-44a3-bc73-2a064e16de17","protocolProfileBehavior":{"disableBodyPruning":true},"request":{"method":"GET","header":[{"key":"Authorization","value":"Bearer eyJhbGciOiJIUzI1NiIsInR5cCI6IkpXVCJ9.eyJlbWFpbCI6InNpZ251cHRlc3RAZ21haWwuY29tIiwidXNlcklkIjoiNWZmZWEyNTg3OWE1MGUyYTMxY2UxMjg4IiwiaWF0IjoxNjIyNjk5MDgwLCJleHAiOjE2MjMzMDM4ODB9.XzNqC-0bjfuS1p8XnCywTqi7-MH4V5MFkYHpj5gjdE0","type":"text"}],"body":{"mode":"raw","raw":"","options":{"raw":{"language":"json"}}},"url":{"raw":"{{host}}/data/5fed97762e5f52235a54785a?sensorId=60b35b376b883e561fb5fe0e","host":["{{host}}"],"path":["data","5fed97762e5f52235a54785a"],"query":[{"key":"sensorId","value":"60b35b376b883e561fb5fe0e"}]},"description":"# 危害服务器安全，已废弃\n\n由于一次性获取大量数据，流量过大。"},"response":[]},{"name":"add new data","id":"de54355f-312a-4c59-9adb-51f8b71f4129","protocolProfileBehavior":{"disableBodyPruning":true},"request":{"method":"POST","header":[{"key":"Authorization","type":"text","value":"Bearer eyJhbGciOiJIUzI1NiIsInR5cCI6IkpXVCJ9.eyJtYWMiOiI5MC02MS0wNS00QS0zRC1FMCIsInNlbnNvcklkIjoiNjEzYTc3ZjUzNjczZTU2Njk4OTFiY2UzIiwiaWF0IjoxNjMxMjIxODEyLCJleHAiOjE2MzEzMDgyMTJ9.yNsP-5o9H2GKKrvvnyh5JXLec_xaJZMvvarBZCBIgUY"}],"body":{"mode":"raw","raw":"{\n    \"dataNum\": 500,\n    \"dt\": 0.001,\n    \"data\": [\n            [\n                18.3535,\n                1.91,\n                2.0907,\n                2.5162,\n                3.0174,\n                4.0933,\n                14.0644,\n                5.7975,\n                3.7234,\n                4.361,\n                6.611,\n                11.2518,\n                30.4498,\n                51.7787,\n                15.1727,\n                9.581,\n                6.8526,\n                5.9332,\n                4.9535,\n                17.2166,\n                3.8214,\n                3.7351,\n                3.6863,\n                3.4858,\n                3.5851,\n                4.409,\n                4.6886,\n                4.492,\n                5.4911,\n                6.6585,\n                10.2898,\n                25.2807,\n                30.3289,\n                8.1047,\n                4.4405,\n                2.6125,\n                1.7381,\n                0.4561,\n                12.475,\n                2.4209,\n                1.5631,\n                1.5019,\n                0.9429,\n                0.9712,\n                2.4326,\n                1.5554,\n                1.1748,\n                1.1431,\n                1.4689,\n                1.408,\n                3.3732,\n                2.6344,\n                0.6696,\n                0.1867,\n                0.324,\n                0.5114,\n                0.5799,\n                4.2086,\n                0.6697,\n                0.1333,\n                0.2153,\n                0.3843,\n                0.7361,\n                3.4083,\n                0.9475,\n                0.4735,\n                0.2609,\n                0.1768,\n                0.6711,\n                2.0616,\n                2.7744,\n                0.9014,\n                0.7712,\n                0.5584,\n                0.6259,\n                0.7951,\n                3.9546,\n                0.5021,\n                0.3063,\n                0.5016,\n                0.4988,\n                1.1263,\n                4.5859,\n                1.3705,\n                0.7548,\n                0.7563,\n                0.7243,\n                0.7284,\n                1.8283,\n                1.7252,\n                0.3511,\n                0.3694,\n                0.2943,\n                0.0235,\n                0.1088,\n                0.5686,\n                0.0895,\n                0.1787,\n                0.2167,\n                0.1147,\n                0.1691,\n                0.654,\n                0.3817,\n                0.3416,\n                0.2744,\n                0.1272,\n                0.3994,\n                0.6069,\n                1.167,\n                0.3493,\n                0.3643,\n                0.2865,\n                0.2266,\n                0.1494,\n                0.8655,\n                0.0634,\n                0.2106,\n                0.1156,\n                0.2014,\n                0.228,\n                0.2486,\n                0.3013,\n                0.0848,\n                0.1181,\n                0.2226,\n                0.1174,\n                0.2272,\n                0.7915,\n                0.3827,\n                0.427,\n                0.383,\n                0.2202,\n                0.2444,\n                2.6156,\n                0.2095,\n                0.3187,\n                0.1643,\n                0.3861,\n                0.0848,\n                0.6109,\n                0.6859,\n                0.3929,\n                0.094,\n                0.0188,\n                0.1913,\n                0.3384,\n                0.2311,\n                0.2882,\n                0.0624,\n                0.169,\n                0.1884,\n                0.2698,\n                0.2284,\n                0.1827,\n                0.1311,\n                0.0692,\n                0.0432,\n                0.1925,\n                0.2081,\n                0.1485,\n                0.1117,\n                0.3619,\n                0.3939,\n                0.3873,\n                0.4361,\n                0.4671,\n                0.1006,\n                0.3831,\n                0.1288,\n                0.243,\n                0.2523,\n                0.1548,\n                0.4356,\n                0.2121,\n                0.2209,\n                0.3092,\n                0.0847,\n                0.0933,\n                0.0855,\n                0.2137,\n                0.1586,\n                0.1819,\n                0.4968,\n                0.2435,\n                0.2371,\n                0.6224,\n                0.3872,\n                0.5053,\n                0.1336,\n                0.2199,\n                0.3751,\n                0.5897,\n                0.1405,\n                0.2981,\n                0.3115,\n                0.2352,\n                0.6608,\n                0.1632,\n                0.0073,\n                0.3435,\n                0.3275,\n                0.2366,\n                0.2967,\n                0.3749,\n                0.202,\n                0.2236,\n                0.3288,\n                0.4767,\n                0.1045,\n                0.2249,\n                0.2087,\n                0.4919,\n                0.1416,\n                0.1871,\n                0.2685,\n                0.2277,\n                0.1792,\n                0.3063,\n                0.3588,\n                0.2334,\n                0.1698,\n                0.3658,\n                0.1665,\n                0.0958,\n                0.2676,\n                0.1299,\n                0.2934,\n                0.059,\n                0.1821,\n                0.5714,\n                0.2248,\n                0.1603,\n                0.2155,\n                0.4034,\n                0.187,\n                0.1799,\n                0.4401,\n                0.2147,\n                0.48,\n                0.1278,\n                0.2901,\n                0.3887,\n                0.3453,\n                0.4193,\n                0.2674,\n                0.7796,\n                0.0727,\n                0.4761,\n                0.201,\n                0.4501,\n                0.4972,\n                0.2589,\n                0.0499,\n                0.2355,\n                0.1718,\n                0.1183,\n                0.1175,\n                0.1183,\n                0.1718,\n                0.2355,\n                0.0499,\n                0.2589,\n                0.4972,\n                0.4501,\n                0.201,\n                0.4761,\n                0.0727,\n                0.7796,\n                0.2674,\n                0.4193,\n                0.3453,\n                0.3887,\n                0.2901,\n                0.1278,\n                0.48,\n                0.2147,\n                0.4401,\n                0.1799,\n                0.187,\n                0.4034,\n                0.2155,\n                0.1603,\n                0.2248,\n                0.5714,\n                0.1821,\n                0.059,\n                0.2934,\n                0.1299,\n                0.2676,\n                0.0958,\n                0.1665,\n                0.3658,\n                0.1698,\n                0.2334,\n                0.3588,\n                0.3063,\n                0.1792,\n                0.2277,\n                0.2685,\n                0.1871,\n                0.1416,\n                0.4919,\n                0.2087,\n                0.2249,\n                0.1045,\n                0.4767,\n                0.3288,\n                0.2236,\n                0.202,\n                0.3749,\n                0.2967,\n                0.2366,\n                0.3275,\n                0.3435,\n                0.0073,\n                0.1632,\n                0.6608,\n                0.2352,\n                0.3115,\n                0.2981,\n                0.1405,\n                0.5897,\n                0.3751,\n                0.2199,\n                0.1336,\n                0.5053,\n                0.3872,\n                0.6224,\n                0.2371,\n                0.2435,\n                0.4968,\n                0.1819,\n                0.1586,\n                0.2137,\n                0.0855,\n                0.0933,\n                0.0847,\n                0.3092,\n                0.2209,\n                0.2121,\n                0.4356,\n                0.1548,\n                0.2523,\n                0.243,\n                0.1288,\n                0.3831,\n                0.1006,\n                0.4671,\n                0.4361,\n                0.3873,\n                0.3939,\n                0.3619,\n                0.1117,\n                0.1485,\n                0.2081,\n                0.1925,\n                0.0432,\n                0.0692,\n                0.1311,\n                0.1827,\n                0.2284,\n                0.2698,\n                0.1884,\n                0.169,\n                0.0624,\n                0.2882,\n                0.2311,\n                0.3384,\n                0.1913,\n                0.0188,\n                0.094,\n                0.3929,\n                0.6859,\n                0.6109,\n                0.0848,\n                0.3861,\n                0.1643,\n                0.3187,\n                0.2095,\n                2.6156,\n                0.2444,\n                0.2202,\n                0.383,\n                0.427,\n                0.3827,\n                0.7915,\n                0.2272,\n                0.1174,\n                0.2226,\n                0.1181,\n                0.0848,\n                0.3013,\n                0.2486,\n                0.228,\n                0.2014,\n                0.1156,\n                0.2106,\n                0.0634,\n                0.8655,\n                0.1494,\n                0.2266,\n                0.2865,\n                0.3643,\n                0.3493,\n                1.167,\n                0.6069,\n                0.3994,\n                0.1272,\n                0.2744,\n                0.3416,\n                0.3817,\n                0.654,\n                0.1691,\n                0.1147,\n                0.2167,\n                0.1787,\n                0.0895,\n                0.5686,\n                0.1088,\n                0.0235,\n                0.2943,\n                0.3694,\n                0.3511,\n                1.7252,\n                1.8283,\n                0.7284,\n                0.7243,\n                0.7563,\n                0.7548,\n                1.3705,\n                4.5859,\n                1.1263,\n                0.4988,\n                0.5016,\n                0.3063,\n                0.5021,\n                3.9546,\n                0.7951,\n                0.6259,\n                0.5584,\n                0.7712,\n                0.9014,\n                2.7744,\n                2.0616,\n                0.6711,\n                0.1768,\n                0.2609,\n                0.4735,\n                0.9475,\n                3.4083,\n                0.7361,\n                0.3843,\n                0.2153,\n                0.1333,\n                0.6697,\n                4.2086,\n                0.5799,\n                0.5114,\n                0.324,\n                0.1867,\n                0.6696,\n                2.6344,\n                3.3732,\n                1.408,\n                1.4689,\n                1.1431,\n                1.1748,\n                1.5554,\n                2.4326,\n                0.9712,\n                0.9429,\n                1.5019,\n                1.5631,\n                2.4209,\n                12.475,\n                0.4561,\n                1.7381,\n                2.6125,\n                4.4405,\n                8.1047,\n                30.3289,\n                25.2807,\n                10.2898,\n                6.6585,\n                5.4911,\n                4.492,\n                4.6886,\n                4.409,\n                3.5851,\n                3.4858,\n                3.6863,\n                3.7351,\n                3.8214,\n                17.2166,\n                4.9535,\n                5.9332,\n                6.8526,\n                9.581,\n                15.1727,\n                51.7787,\n                30.4498,\n                11.2518,\n                6.611,\n                4.361,\n                3.7234,\n                5.7975,\n                14.0644,\n                4.0933,\n                3.0174,\n                2.5162,\n                2.0907,\n                1.91\n            ],\n            [\n                41.0806,\n                0.7885,\n                0.941,\n                0.4863,\n                0.9521,\n                1.6136,\n                6.645,\n                3.1067,\n                1.4987,\n                1.6021,\n                1.7521,\n                2.6749,\n                7.1097,\n                11.3722,\n                2.8699,\n                1.8513,\n                1.2457,\n                0.9578,\n                0.5518,\n                14.8385,\n                1.8325,\n                1.3816,\n                1.3942,\n                1.2372,\n                1.4671,\n                2.9544,\n                1.6202,\n                1.7687,\n                2.1116,\n                3.181,\n                4.4251,\n                11.8032,\n                14.2769,\n                3.9008,\n                1.9057,\n                1.0109,\n                0.2247,\n                1.6285,\n                22.332,\n                3.0695,\n                2.1045,\n                1.7453,\n                1.9697,\n                2.9549,\n                17.3079,\n                4.767,\n                2.5203,\n                1.8146,\n                1.5608,\n                1.5893,\n                1.8369,\n                0.6417,\n                0.8749,\n                0.958,\n                1.2684,\n                1.2822,\n                2.3719,\n                13.7132,\n                2.2634,\n                1.7488,\n                1.9574,\n                1.8732,\n                3.0599,\n                14.9307,\n                2.1618,\n                0.4886,\n                0.2564,\n                0.9018,\n                1.6505,\n                5.9161,\n                5.0826,\n                1.9254,\n                1.1124,\n                0.8197,\n                0.7047,\n                0.1961,\n                2.1588,\n                0.6796,\n                0.6047,\n                0.319,\n                0.5881,\n                0.8257,\n                5.9496,\n                1.6876,\n                1.1428,\n                1.2917,\n                1.2657,\n                2.078,\n                5.1404,\n                5.9684,\n                1.7094,\n                1.0091,\n                0.7999,\n                0.5546,\n                0.5447,\n                2.5456,\n                0.1655,\n                0.144,\n                0.2442,\n                0.3115,\n                0.3989,\n                1.968,\n                0.6529,\n                0.2825,\n                0.2004,\n                0.2374,\n                0.1672,\n                0.5982,\n                1.2744,\n                0.2475,\n                0.2556,\n                0.2053,\n                0.1575,\n                0.1676,\n                3.7998,\n                0.3394,\n                0.2205,\n                0.035,\n                0.0851,\n                0.5122,\n                0.8511,\n                0.6224,\n                0.3768,\n                0.3657,\n                0.1374,\n                0.2615,\n                0.5799,\n                0.9149,\n                0.516,\n                0.0764,\n                0.0505,\n                0.353,\n                0.3107,\n                0.31,\n                0.1344,\n                0.3591,\n                0.099,\n                0.1211,\n                0.0718,\n                0.3447,\n                0.1453,\n                0.236,\n                0.1146,\n                0.1332,\n                0.0483,\n                0.0258,\n                0.2014,\n                0.1136,\n                0.2696,\n                0.0552,\n                0.3346,\n                0.1791,\n                0.2075,\n                0.1116,\n                0.2189,\n                0.2524,\n                0.2253,\n                0.3189,\n                0.1853,\n                0.5557,\n                0.4055,\n                0.2507,\n                0.139,\n                0.3526,\n                0.1039,\n                0.1192,\n                0.2958,\n                0.3558,\n                0.2007,\n                0.1584,\n                0.1482,\n                0.1059,\n                0.395,\n                0.2626,\n                0.091,\n                0.2706,\n                0.2235,\n                0.0509,\n                0.0515,\n                0.2034,\n                0.4349,\n                0.3216,\n                0.3503,\n                0.3355,\n                0.254,\n                0.382,\n                0.2177,\n                0.1144,\n                0.2114,\n                0.1173,\n                0.2442,\n                0.277,\n                0.0665,\n                0.1332,\n                0.2928,\n                0.4816,\n                0.1254,\n                0.1546,\n                0.3393,\n                0.33,\n                0.2551,\n                0.2138,\n                0.3615,\n                0.4194,\n                0.3114,\n                0.1591,\n                0.1631,\n                0.2468,\n                0.0735,\n                0.2134,\n                0.2816,\n                0.1359,\n                0.1407,\n                0.3694,\n                0.056,\n                0.4485,\n                0.1421,\n                0.0787,\n                0.4208,\n                0.1488,\n                0.1637,\n                0.7098,\n                0.3917,\n                0.4197,\n                0.5253,\n                0.255,\n                0.1768,\n                0.3249,\n                0.2779,\n                0.325,\n                0.2792,\n                0.2062,\n                0.0932,\n                0.0762,\n                0.2477,\n                0.3699,\n                0.0885,\n                0.2215,\n                0.2753,\n                0.3743,\n                0.5963,\n                0.0183,\n                0.1434,\n                0.201,\n                0.1452,\n                0.429,\n                0.4009,\n                0.2066,\n                0.1187,\n                0.5003,\n                0.5628,\n                0.7035,\n                0.0843,\n                0.2358,\n                0.225,\n                0.1828,\n                0.3923,\n                0.1828,\n                0.225,\n                0.2358,\n                0.0843,\n                0.7035,\n                0.5628,\n                0.5003,\n                0.1187,\n                0.2066,\n                0.4009,\n                0.429,\n                0.1452,\n                0.201,\n                0.1434,\n                0.0183,\n                0.5963,\n                0.3743,\n                0.2753,\n                0.2215,\n                0.0885,\n                0.3699,\n                0.2477,\n                0.0762,\n                0.0932,\n                0.2062,\n                0.2792,\n                0.325,\n                0.2779,\n                0.3249,\n                0.1768,\n                0.255,\n                0.5253,\n                0.4197,\n                0.3917,\n                0.7098,\n                0.1637,\n                0.1488,\n                0.4208,\n                0.0787,\n                0.1421,\n                0.4485,\n                0.056,\n                0.3694,\n                0.1407,\n                0.1359,\n                0.2816,\n                0.2134,\n                0.0735,\n                0.2468,\n                0.1631,\n                0.1591,\n                0.3114,\n                0.4194,\n                0.3615,\n                0.2138,\n                0.2551,\n                0.33,\n                0.3393,\n                0.1546,\n                0.1254,\n                0.4816,\n                0.2928,\n                0.1332,\n                0.0665,\n                0.277,\n                0.2442,\n                0.1173,\n                0.2114,\n                0.1144,\n                0.2177,\n                0.382,\n                0.254,\n                0.3355,\n                0.3503,\n                0.3216,\n                0.4349,\n                0.2034,\n                0.0515,\n                0.0509,\n                0.2235,\n                0.2706,\n                0.091,\n                0.2626,\n                0.395,\n                0.1059,\n                0.1482,\n                0.1584,\n                0.2007,\n                0.3558,\n                0.2958,\n                0.1192,\n                0.1039,\n                0.3526,\n                0.139,\n                0.2507,\n                0.4055,\n                0.5557,\n                0.1853,\n                0.3189,\n                0.2253,\n                0.2524,\n                0.2189,\n                0.1116,\n                0.2075,\n                0.1791,\n                0.3346,\n                0.0552,\n                0.2696,\n                0.1136,\n                0.2014,\n                0.0258,\n                0.0483,\n                0.1332,\n                0.1146,\n                0.236,\n                0.1453,\n                0.3447,\n                0.0718,\n                0.1211,\n                0.099,\n                0.3591,\n                0.1344,\n                0.31,\n                0.3107,\n                0.353,\n                0.0505,\n                0.0764,\n                0.516,\n                0.9149,\n                0.5799,\n                0.2615,\n                0.1374,\n                0.3657,\n                0.3768,\n                0.6224,\n                0.8511,\n                0.5122,\n                0.0851,\n                0.035,\n                0.2205,\n                0.3394,\n                3.7998,\n                0.1676,\n                0.1575,\n                0.2053,\n                0.2556,\n                0.2475,\n                1.2744,\n                0.5982,\n                0.1672,\n                0.2374,\n                0.2004,\n                0.2825,\n                0.6529,\n                1.968,\n                0.3989,\n                0.3115,\n                0.2442,\n                0.144,\n                0.1655,\n                2.5456,\n                0.5447,\n                0.5546,\n                0.7999,\n                1.0091,\n                1.7094,\n                5.9684,\n                5.1404,\n                2.078,\n                1.2657,\n                1.2917,\n                1.1428,\n                1.6876,\n                5.9496,\n                0.8257,\n                0.5881,\n                0.319,\n                0.6047,\n                0.6796,\n                2.1588,\n                0.1961,\n                0.7047,\n                0.8197,\n                1.1124,\n                1.9254,\n                5.0826,\n                5.9161,\n                1.6505,\n                0.9018,\n                0.2564,\n                0.4886,\n                2.1618,\n                14.9307,\n                3.0599,\n                1.8732,\n                1.9574,\n                1.7488,\n                2.2634,\n                13.7132,\n                2.3719,\n                1.2822,\n                1.2684,\n                0.958,\n                0.8749,\n                0.6417,\n                1.8369,\n                1.5893,\n                1.5608,\n                1.8146,\n                2.5203,\n                4.767,\n                17.3079,\n                2.9549,\n                1.9697,\n                1.7453,\n                2.1045,\n                3.0695,\n                22.332,\n                1.6285,\n                0.2247,\n                1.0109,\n                1.9057,\n                3.9008,\n                14.2769,\n                11.8032,\n                4.4251,\n                3.181,\n                2.1116,\n                1.7687,\n                1.6202,\n                2.9544,\n                1.4671,\n                1.2372,\n                1.3942,\n                1.3816,\n                1.8325,\n                14.8385,\n                0.5518,\n                0.9578,\n                1.2457,\n                1.8513,\n                2.8699,\n                11.3722,\n                7.1097,\n                2.6749,\n                1.7521,\n                1.6021,\n                1.4987,\n                3.1067,\n                6.645,\n                1.6136,\n                0.9521,\n                0.4863,\n                0.941,\n                0.7885\n            ],\n            [\n                521.7838,\n                3.2359,\n                4.5954,\n                7.4629,\n                10.4458,\n                17.8704,\n                67.1137,\n                25.4759,\n                6.543,\n                4.8786,\n                10.856,\n                23.7332,\n                77.3578,\n                144.9075,\n                45.1836,\n                29.1979,\n                22.0921,\n                18.4647,\n                17.5466,\n                51.3525,\n                13.2948,\n                12.5899,\n                11.8774,\n                12.6423,\n                12.484,\n                14.4228,\n                12.3996,\n                13.5703,\n                15.6509,\n                20.3225,\n                29.33,\n                70.2236,\n                77.5037,\n                19.447,\n                9.4405,\n                3.8611,\n                1.3426,\n                2.8826,\n                35.68,\n                4.1262,\n                1.7437,\n                1.0945,\n                1.8712,\n                4.3174,\n                28.8181,\n                7.0347,\n                3.3353,\n                1.9726,\n                1.6055,\n                2.3308,\n                7.1667,\n                6.5811,\n                1.4187,\n                0.6404,\n                0.4001,\n                1.5536,\n                3.1108,\n                17.0044,\n                2.1996,\n                0.8122,\n                1.2742,\n                0.931,\n                1.5612,\n                6.8567,\n                1.8682,\n                1.2597,\n                1.5314,\n                1.9037,\n                2.9242,\n                8.3665,\n                6.5953,\n                1.9724,\n                0.9147,\n                0.4697,\n                0.4544,\n                1.1578,\n                5.8155,\n                1.2139,\n                0.71,\n                0.729,\n                0.6533,\n                0.9519,\n                7.5063,\n                1.0671,\n                0.7167,\n                0.6584,\n                0.722,\n                1.0788,\n                1.9964,\n                2.8701,\n                0.7493,\n                0.4025,\n                0.8361,\n                0.7556,\n                1.9009,\n                5.4263,\n                1.1948,\n                0.8599,\n                0.6174,\n                0.5831,\n                0.5736,\n                2.1238,\n                1.7336,\n                1.1474,\n                0.9316,\n                1.5251,\n                1.5496,\n                3.8931,\n                1.9549,\n                1.072,\n                0.453,\n                0.875,\n                0.8402,\n                1.4764,\n                2.2831,\n                0.4967,\n                0.4322,\n                0.8067,\n                0.5538,\n                0.2991,\n                1.4756,\n                0.8387,\n                1.0193,\n                0.666,\n                0.2696,\n                0.3048,\n                0.5569,\n                1.0941,\n                0.8739,\n                1.2943,\n                1.0468,\n                0.8404,\n                1.5314,\n                0.8512,\n                1.2066,\n                0.6763,\n                0.9911,\n                1.0821,\n                1.1471,\n                0.226,\n                1.0384,\n                1.0505,\n                0.9741,\n                0.7804,\n                1.0979,\n                2.1786,\n                0.3749,\n                0.1946,\n                0.3961,\n                0.7681,\n                1.0187,\n                0.8704,\n                1.5847,\n                1.0338,\n                1.1295,\n                1.1143,\n                0.9368,\n                1.0765,\n                0.1233,\n                0.4149,\n                0.9771,\n                0.4867,\n                0.836,\n                0.5662,\n                1.5044,\n                1.0238,\n                0.9586,\n                0.8946,\n                1.0084,\n                0.7556,\n                0.8889,\n                0.4007,\n                0.6337,\n                1.0301,\n                0.647,\n                0.7706,\n                0.6067,\n                1.41,\n                0.8307,\n                0.8291,\n                0.9557,\n                1.3008,\n                1.0005,\n                1.5636,\n                0.9252,\n                0.7663,\n                0.6702,\n                0.9502,\n                1.1172,\n                0.8281,\n                0.9543,\n                0.5591,\n                0.3939,\n                0.9514,\n                1.1928,\n                0.8203,\n                0.3162,\n                0.63,\n                0.5102,\n                0.9136,\n                0.9019,\n                0.7415,\n                0.7831,\n                0.8307,\n                1.1555,\n                0.7927,\n                1.2379,\n                0.8087,\n                0.7785,\n                0.5561,\n                1.021,\n                0.9387,\n                0.631,\n                1.0099,\n                0.8572,\n                0.5041,\n                0.9412,\n                0.7624,\n                0.1821,\n                0.9577,\n                0.8403,\n                1.0302,\n                0.6096,\n                0.8013,\n                0.9484,\n                0.7171,\n                0.4111,\n                0.9096,\n                0.6045,\n                0.9877,\n                0.7494,\n                1.0822,\n                0.6341,\n                1.0246,\n                0.7309,\n                1.2014,\n                0.6804,\n                0.9346,\n                0.5246,\n                0.3447,\n                0.7502,\n                1.0487,\n                1.1004,\n                0.736,\n                1.2758,\n                0.894,\n                0.944,\n                0.5463,\n                0.9813,\n                0.7795,\n                0.6474,\n                1.3608,\n                0.5189,\n                1.069,\n                1.0065,\n                0.4127,\n                1.3082,\n                0.4127,\n                1.0065,\n                1.069,\n                0.5189,\n                1.3608,\n                0.6474,\n                0.7795,\n                0.9813,\n                0.5463,\n                0.944,\n                0.894,\n                1.2758,\n                0.736,\n                1.1004,\n                1.0487,\n                0.7502,\n                0.3447,\n                0.5246,\n                0.9346,\n                0.6804,\n                1.2014,\n                0.7309,\n                1.0246,\n                0.6341,\n                1.0822,\n                0.7494,\n                0.9877,\n                0.6045,\n                0.9096,\n                0.4111,\n                0.7171,\n                0.9483,\n                0.8013,\n                0.6096,\n                1.0302,\n                0.8403,\n                0.9577,\n                0.1821,\n                0.7624,\n                0.9412,\n                0.5041,\n                0.8572,\n                1.0099,\n                0.631,\n                0.9387,\n                1.021,\n                0.5561,\n                0.7785,\n                0.8087,\n                1.2379,\n                0.7927,\n                1.1555,\n                0.8307,\n                0.7831,\n                0.7415,\n                0.9019,\n                0.9136,\n                0.5102,\n                0.63,\n                0.3162,\n                0.8203,\n                1.1928,\n                0.9514,\n                0.3939,\n                0.5591,\n                0.9543,\n                0.8281,\n                1.1172,\n                0.9502,\n                0.6702,\n                0.7663,\n                0.9252,\n                1.5636,\n                1.0005,\n                1.3008,\n                0.9557,\n                0.8291,\n                0.8307,\n                1.41,\n                0.6067,\n                0.7706,\n                0.647,\n                1.0301,\n                0.6337,\n                0.4007,\n                0.8889,\n                0.7556,\n                1.0084,\n                0.8946,\n                0.9586,\n                1.0238,\n                1.5044,\n                0.5662,\n                0.836,\n                0.4867,\n                0.9771,\n                0.4149,\n                0.1233,\n                1.0765,\n                0.9368,\n                1.1143,\n                1.1295,\n                1.0338,\n                1.5847,\n                0.8704,\n                1.0187,\n                0.7681,\n                0.3961,\n                0.1946,\n                0.3749,\n                2.1786,\n                1.0979,\n                0.7804,\n                0.9741,\n                1.0505,\n                1.0384,\n                0.226,\n                1.1471,\n                1.0821,\n                0.9911,\n                0.6763,\n                1.2066,\n                0.8512,\n                1.5314,\n                0.8404,\n                1.0468,\n                1.2943,\n                0.8739,\n                1.0941,\n                0.5569,\n                0.3048,\n                0.2696,\n                0.666,\n                1.0193,\n                0.8387,\n                1.4756,\n                0.2991,\n                0.5538,\n                0.8067,\n                0.4323,\n                0.4967,\n                2.2831,\n                1.4764,\n                0.8402,\n                0.875,\n                0.453,\n                1.072,\n                1.9549,\n                3.8931,\n                1.5496,\n                1.5251,\n                0.9316,\n                1.1474,\n                1.7336,\n                2.1238,\n                0.5736,\n                0.5831,\n                0.6174,\n                0.8599,\n                1.1948,\n                5.4263,\n                1.9009,\n                0.7556,\n                0.8361,\n                0.4025,\n                0.7493,\n                2.8701,\n                1.9964,\n                1.0788,\n                0.722,\n                0.6584,\n                0.7167,\n                1.0671,\n                7.5063,\n                0.9519,\n                0.6533,\n                0.729,\n                0.71,\n                1.2139,\n                5.8155,\n                1.1578,\n                0.4544,\n                0.4697,\n                0.9147,\n                1.9724,\n                6.5953,\n                8.3665,\n                2.9242,\n                1.9037,\n                1.5314,\n                1.2597,\n                1.8682,\n                6.8567,\n                1.5612,\n                0.931,\n                1.2742,\n                0.8122,\n                2.1996,\n                17.0044,\n                3.1108,\n                1.5536,\n                0.4001,\n                0.6404,\n                1.4187,\n                6.5811,\n                7.1667,\n                2.3308,\n                1.6055,\n                1.9726,\n                3.3353,\n                7.0347,\n                28.8181,\n                4.3174,\n                1.8712,\n                1.0945,\n                1.7437,\n                4.1262,\n                35.68,\n                2.8826,\n                1.3426,\n                3.8611,\n                9.4405,\n                19.447,\n                77.5037,\n                70.2236,\n                29.33,\n                20.3225,\n                15.6509,\n                13.5703,\n                12.3996,\n                14.4228,\n                12.484,\n                12.6423,\n                11.8774,\n                12.5899,\n                13.2948,\n                51.3525,\n                17.5466,\n                18.4647,\n                22.0921,\n                29.1979,\n                45.1836,\n                144.9075,\n                77.3578,\n                23.7332,\n                10.856,\n                4.8786,\n                6.543,\n                25.4759,\n                67.1137,\n                17.8704,\n                10.4458,\n                7.4629,\n                4.5954,\n                3.2359\n            ]\n        ]\n}","options":{"raw":{"language":"json"}}},"url":{"raw":"{{host}}/data","host":["{{host}}"],"path":["data"]},"description":"# 传感器登陆后使用token验证来进行数据上传\n\n数据格式如下：\n二维数组 `3xN`, 其中`N` 大于5（即每行数据至少五个数，允许整数或者小数）\n```json\n{\n    \"data\": [\n        [11, 13, 11.45, 15, 16, 17, 18, 12, 34, 11.23, 12.123],\n        [11, 13, 11.45, 15, 16, 17, 18],\n        [11, 13, 11.45, 15, 16, 17, 18]\n    ]\n}\n```"},"response":[{"id":"2f701e2a-cc3d-4e95-bbf5-b7527c667df6","name":"add new data","originalRequest":{"method":"POST","header":[{"key":"Authorization","type":"text","value":"Bearer eyJhbGciOiJIUzI1NiIsInR5cCI6IkpXVCJ9.eyJtYWMiOiJDNC1ERC01Ny01RS0yNi1FNCIsInNlbnNvcklkIjoiNjA2MzA0YjEzZjdiY2UwNmQ5MTA2YWRkIiwiaWF0IjoxNjE4OTk2MTAzLCJleHAiOjE2MTkwODI1MDN9.jlxdGR-ZGI7fiPRnoJP9wrg-4L0tVAP2EmiCDFyceZE"}],"body":{"mode":"raw","raw":"{\n    \"dataNum\": 500,\n    \"dt\": 0.001,\n    \"data\": [\n            [\n                18.3535,\n                1.91,\n                2.0907,\n                2.5162,\n                3.0174,\n                4.0933,\n                14.0644,\n                5.7975,\n                3.7234,\n                4.361,\n                6.611,\n                11.2518,\n                30.4498,\n                51.7787,\n                15.1727,\n                9.581,\n                6.8526,\n                5.9332,\n                4.9535,\n                17.2166,\n                3.8214,\n                3.7351,\n                3.6863,\n                3.4858,\n                3.5851,\n                4.409,\n                4.6886,\n                4.492,\n                5.4911,\n                6.6585,\n                10.2898,\n                25.2807,\n                30.3289,\n                8.1047,\n                4.4405,\n                2.6125,\n                1.7381,\n                0.4561,\n                12.475,\n                2.4209,\n                1.5631,\n                1.5019,\n                0.9429,\n                0.9712,\n                2.4326,\n                1.5554,\n                1.1748,\n                1.1431,\n                1.4689,\n                1.408,\n                3.3732,\n                2.6344,\n                0.6696,\n                0.1867,\n                0.324,\n                0.5114,\n                0.5799,\n                4.2086,\n                0.6697,\n                0.1333,\n                0.2153,\n                0.3843,\n                0.7361,\n                3.4083,\n                0.9475,\n                0.4735,\n                0.2609,\n                0.1768,\n                0.6711,\n                2.0616,\n                2.7744,\n                0.9014,\n                0.7712,\n                0.5584,\n                0.6259,\n                0.7951,\n                3.9546,\n                0.5021,\n                0.3063,\n                0.5016,\n                0.4988,\n                1.1263,\n                4.5859,\n                1.3705,\n                0.7548,\n                0.7563,\n                0.7243,\n                0.7284,\n                1.8283,\n                1.7252,\n                0.3511,\n                0.3694,\n                0.2943,\n                0.0235,\n                0.1088,\n                0.5686,\n                0.0895,\n                0.1787,\n                0.2167,\n                0.1147,\n                0.1691,\n                0.654,\n                0.3817,\n                0.3416,\n                0.2744,\n                0.1272,\n                0.3994,\n                0.6069,\n                1.167,\n                0.3493,\n                0.3643,\n                0.2865,\n                0.2266,\n                0.1494,\n                0.8655,\n                0.0634,\n                0.2106,\n                0.1156,\n                0.2014,\n                0.228,\n                0.2486,\n                0.3013,\n                0.0848,\n                0.1181,\n                0.2226,\n                0.1174,\n                0.2272,\n                0.7915,\n                0.3827,\n                0.427,\n                0.383,\n                0.2202,\n                0.2444,\n                2.6156,\n                0.2095,\n                0.3187,\n                0.1643,\n                0.3861,\n                0.0848,\n                0.6109,\n                0.6859,\n                0.3929,\n                0.094,\n                0.0188,\n                0.1913,\n                0.3384,\n                0.2311,\n                0.2882,\n                0.0624,\n                0.169,\n                0.1884,\n                0.2698,\n                0.2284,\n                0.1827,\n                0.1311,\n                0.0692,\n                0.0432,\n                0.1925,\n                0.2081,\n                0.1485,\n                0.1117,\n                0.3619,\n                0.3939,\n                0.3873,\n                0.4361,\n                0.4671,\n                0.1006,\n                0.3831,\n                0.1288,\n                0.243,\n                0.2523,\n                0.1548,\n                0.4356,\n                0.2121,\n                0.2209,\n                0.3092,\n                0.0847,\n                0.0933,\n                0.0855,\n                0.2137,\n                0.1586,\n                0.1819,\n                0.4968,\n                0.2435,\n                0.2371,\n                0.6224,\n                0.3872,\n                0.5053,\n                0.1336,\n                0.2199,\n                0.3751,\n                0.5897,\n                0.1405,\n                0.2981,\n                0.3115,\n                0.2352,\n                0.6608,\n                0.1632,\n                0.0073,\n                0.3435,\n                0.3275,\n                0.2366,\n                0.2967,\n                0.3749,\n                0.202,\n                0.2236,\n                0.3288,\n                0.4767,\n                0.1045,\n                0.2249,\n                0.2087,\n                0.4919,\n                0.1416,\n                0.1871,\n                0.2685,\n                0.2277,\n                0.1792,\n                0.3063,\n                0.3588,\n                0.2334,\n                0.1698,\n                0.3658,\n                0.1665,\n                0.0958,\n                0.2676,\n                0.1299,\n                0.2934,\n                0.059,\n                0.1821,\n                0.5714,\n                0.2248,\n                0.1603,\n                0.2155,\n                0.4034,\n                0.187,\n                0.1799,\n                0.4401,\n                0.2147,\n                0.48,\n                0.1278,\n                0.2901,\n                0.3887,\n                0.3453,\n                0.4193,\n                0.2674,\n                0.7796,\n                0.0727,\n                0.4761,\n                0.201,\n                0.4501,\n                0.4972,\n                0.2589,\n                0.0499,\n                0.2355,\n                0.1718,\n                0.1183,\n                0.1175,\n                0.1183,\n                0.1718,\n                0.2355,\n                0.0499,\n                0.2589,\n                0.4972,\n                0.4501,\n                0.201,\n                0.4761,\n                0.0727,\n                0.7796,\n                0.2674,\n                0.4193,\n                0.3453,\n                0.3887,\n                0.2901,\n                0.1278,\n                0.48,\n                0.2147,\n                0.4401,\n                0.1799,\n                0.187,\n                0.4034,\n                0.2155,\n                0.1603,\n                0.2248,\n                0.5714,\n                0.1821,\n                0.059,\n                0.2934,\n                0.1299,\n                0.2676,\n                0.0958,\n                0.1665,\n                0.3658,\n                0.1698,\n                0.2334,\n                0.3588,\n                0.3063,\n                0.1792,\n                0.2277,\n                0.2685,\n                0.1871,\n                0.1416,\n                0.4919,\n                0.2087,\n                0.2249,\n                0.1045,\n                0.4767,\n                0.3288,\n                0.2236,\n                0.202,\n                0.3749,\n                0.2967,\n                0.2366,\n                0.3275,\n                0.3435,\n                0.0073,\n                0.1632,\n                0.6608,\n                0.2352,\n                0.3115,\n                0.2981,\n                0.1405,\n                0.5897,\n                0.3751,\n                0.2199,\n                0.1336,\n                0.5053,\n                0.3872,\n                0.6224,\n                0.2371,\n                0.2435,\n                0.4968,\n                0.1819,\n                0.1586,\n                0.2137,\n                0.0855,\n                0.0933,\n                0.0847,\n                0.3092,\n                0.2209,\n                0.2121,\n                0.4356,\n                0.1548,\n                0.2523,\n                0.243,\n                0.1288,\n                0.3831,\n                0.1006,\n                0.4671,\n                0.4361,\n                0.3873,\n                0.3939,\n                0.3619,\n                0.1117,\n                0.1485,\n                0.2081,\n                0.1925,\n                0.0432,\n                0.0692,\n                0.1311,\n                0.1827,\n                0.2284,\n                0.2698,\n                0.1884,\n                0.169,\n                0.0624,\n                0.2882,\n                0.2311,\n                0.3384,\n                0.1913,\n                0.0188,\n                0.094,\n                0.3929,\n                0.6859,\n                0.6109,\n                0.0848,\n                0.3861,\n                0.1643,\n                0.3187,\n                0.2095,\n                2.6156,\n                0.2444,\n                0.2202,\n                0.383,\n                0.427,\n                0.3827,\n                0.7915,\n                0.2272,\n                0.1174,\n                0.2226,\n                0.1181,\n                0.0848,\n                0.3013,\n                0.2486,\n                0.228,\n                0.2014,\n                0.1156,\n                0.2106,\n                0.0634,\n                0.8655,\n                0.1494,\n                0.2266,\n                0.2865,\n                0.3643,\n                0.3493,\n                1.167,\n                0.6069,\n                0.3994,\n                0.1272,\n                0.2744,\n                0.3416,\n                0.3817,\n                0.654,\n                0.1691,\n                0.1147,\n                0.2167,\n                0.1787,\n                0.0895,\n                0.5686,\n                0.1088,\n                0.0235,\n                0.2943,\n                0.3694,\n                0.3511,\n                1.7252,\n                1.8283,\n                0.7284,\n                0.7243,\n                0.7563,\n                0.7548,\n                1.3705,\n                4.5859,\n                1.1263,\n                0.4988,\n                0.5016,\n                0.3063,\n                0.5021,\n                3.9546,\n                0.7951,\n                0.6259,\n                0.5584,\n                0.7712,\n                0.9014,\n                2.7744,\n                2.0616,\n                0.6711,\n                0.1768,\n                0.2609,\n                0.4735,\n                0.9475,\n                3.4083,\n                0.7361,\n                0.3843,\n                0.2153,\n                0.1333,\n                0.6697,\n                4.2086,\n                0.5799,\n                0.5114,\n                0.324,\n                0.1867,\n                0.6696,\n                2.6344,\n                3.3732,\n                1.408,\n                1.4689,\n                1.1431,\n                1.1748,\n                1.5554,\n                2.4326,\n                0.9712,\n                0.9429,\n                1.5019,\n                1.5631,\n                2.4209,\n                12.475,\n                0.4561,\n                1.7381,\n                2.6125,\n                4.4405,\n                8.1047,\n                30.3289,\n                25.2807,\n                10.2898,\n                6.6585,\n                5.4911,\n                4.492,\n                4.6886,\n                4.409,\n                3.5851,\n                3.4858,\n                3.6863,\n                3.7351,\n                3.8214,\n                17.2166,\n                4.9535,\n                5.9332,\n                6.8526,\n                9.581,\n                15.1727,\n                51.7787,\n                30.4498,\n                11.2518,\n                6.611,\n                4.361,\n                3.7234,\n                5.7975,\n                14.0644,\n                4.0933,\n                3.0174,\n                2.5162,\n                2.0907,\n                1.91\n            ],\n            [\n                41.0806,\n                0.7885,\n                0.941,\n                0.4863,\n                0.9521,\n                1.6136,\n                6.645,\n                3.1067,\n                1.4987,\n                1.6021,\n                1.7521,\n                2.6749,\n                7.1097,\n                11.3722,\n                2.8699,\n                1.8513,\n                1.2457,\n                0.9578,\n                0.5518,\n                14.8385,\n                1.8325,\n                1.3816,\n                1.3942,\n                1.2372,\n                1.4671,\n                2.9544,\n                1.6202,\n                1.7687,\n                2.1116,\n                3.181,\n                4.4251,\n                11.8032,\n                14.2769,\n                3.9008,\n                1.9057,\n                1.0109,\n                0.2247,\n                1.6285,\n                22.332,\n                3.0695,\n                2.1045,\n                1.7453,\n                1.9697,\n                2.9549,\n                17.3079,\n                4.767,\n                2.5203,\n                1.8146,\n                1.5608,\n                1.5893,\n                1.8369,\n                0.6417,\n                0.8749,\n                0.958,\n                1.2684,\n                1.2822,\n                2.3719,\n                13.7132,\n                2.2634,\n                1.7488,\n                1.9574,\n                1.8732,\n                3.0599,\n                14.9307,\n                2.1618,\n                0.4886,\n                0.2564,\n                0.9018,\n                1.6505,\n                5.9161,\n                5.0826,\n                1.9254,\n                1.1124,\n                0.8197,\n                0.7047,\n                0.1961,\n                2.1588,\n                0.6796,\n                0.6047,\n                0.319,\n                0.5881,\n                0.8257,\n                5.9496,\n                1.6876,\n                1.1428,\n                1.2917,\n                1.2657,\n                2.078,\n                5.1404,\n                5.9684,\n                1.7094,\n                1.0091,\n                0.7999,\n                0.5546,\n                0.5447,\n                2.5456,\n                0.1655,\n                0.144,\n                0.2442,\n                0.3115,\n                0.3989,\n                1.968,\n                0.6529,\n                0.2825,\n                0.2004,\n                0.2374,\n                0.1672,\n                0.5982,\n                1.2744,\n                0.2475,\n                0.2556,\n                0.2053,\n                0.1575,\n                0.1676,\n                3.7998,\n                0.3394,\n                0.2205,\n                0.035,\n                0.0851,\n                0.5122,\n                0.8511,\n                0.6224,\n                0.3768,\n                0.3657,\n                0.1374,\n                0.2615,\n                0.5799,\n                0.9149,\n                0.516,\n                0.0764,\n                0.0505,\n                0.353,\n                0.3107,\n                0.31,\n                0.1344,\n                0.3591,\n                0.099,\n                0.1211,\n                0.0718,\n                0.3447,\n                0.1453,\n                0.236,\n                0.1146,\n                0.1332,\n                0.0483,\n                0.0258,\n                0.2014,\n                0.1136,\n                0.2696,\n                0.0552,\n                0.3346,\n                0.1791,\n                0.2075,\n                0.1116,\n                0.2189,\n                0.2524,\n                0.2253,\n                0.3189,\n                0.1853,\n                0.5557,\n                0.4055,\n                0.2507,\n                0.139,\n                0.3526,\n                0.1039,\n                0.1192,\n                0.2958,\n                0.3558,\n                0.2007,\n                0.1584,\n                0.1482,\n                0.1059,\n                0.395,\n                0.2626,\n                0.091,\n                0.2706,\n                0.2235,\n                0.0509,\n                0.0515,\n                0.2034,\n                0.4349,\n                0.3216,\n                0.3503,\n                0.3355,\n                0.254,\n                0.382,\n                0.2177,\n                0.1144,\n                0.2114,\n                0.1173,\n                0.2442,\n                0.277,\n                0.0665,\n                0.1332,\n                0.2928,\n                0.4816,\n                0.1254,\n                0.1546,\n                0.3393,\n                0.33,\n                0.2551,\n                0.2138,\n                0.3615,\n                0.4194,\n                0.3114,\n                0.1591,\n                0.1631,\n                0.2468,\n                0.0735,\n                0.2134,\n                0.2816,\n                0.1359,\n                0.1407,\n                0.3694,\n                0.056,\n                0.4485,\n                0.1421,\n                0.0787,\n                0.4208,\n                0.1488,\n                0.1637,\n                0.7098,\n                0.3917,\n                0.4197,\n                0.5253,\n                0.255,\n                0.1768,\n                0.3249,\n                0.2779,\n                0.325,\n                0.2792,\n                0.2062,\n                0.0932,\n                0.0762,\n                0.2477,\n                0.3699,\n                0.0885,\n                0.2215,\n                0.2753,\n                0.3743,\n                0.5963,\n                0.0183,\n                0.1434,\n                0.201,\n                0.1452,\n                0.429,\n                0.4009,\n                0.2066,\n                0.1187,\n                0.5003,\n                0.5628,\n                0.7035,\n                0.0843,\n                0.2358,\n                0.225,\n                0.1828,\n                0.3923,\n                0.1828,\n                0.225,\n                0.2358,\n                0.0843,\n                0.7035,\n                0.5628,\n                0.5003,\n                0.1187,\n                0.2066,\n                0.4009,\n                0.429,\n                0.1452,\n                0.201,\n                0.1434,\n                0.0183,\n                0.5963,\n                0.3743,\n                0.2753,\n                0.2215,\n                0.0885,\n                0.3699,\n                0.2477,\n                0.0762,\n                0.0932,\n                0.2062,\n                0.2792,\n                0.325,\n                0.2779,\n                0.3249,\n                0.1768,\n                0.255,\n                0.5253,\n                0.4197,\n                0.3917,\n                0.7098,\n                0.1637,\n                0.1488,\n                0.4208,\n                0.0787,\n                0.1421,\n                0.4485,\n                0.056,\n                0.3694,\n                0.1407,\n                0.1359,\n                0.2816,\n                0.2134,\n                0.0735,\n                0.2468,\n                0.1631,\n                0.1591,\n                0.3114,\n                0.4194,\n                0.3615,\n                0.2138,\n                0.2551,\n                0.33,\n                0.3393,\n                0.1546,\n                0.1254,\n                0.4816,\n                0.2928,\n                0.1332,\n                0.0665,\n                0.277,\n                0.2442,\n                0.1173,\n                0.2114,\n                0.1144,\n                0.2177,\n                0.382,\n                0.254,\n                0.3355,\n                0.3503,\n                0.3216,\n                0.4349,\n                0.2034,\n                0.0515,\n                0.0509,\n                0.2235,\n                0.2706,\n                0.091,\n                0.2626,\n                0.395,\n                0.1059,\n                0.1482,\n                0.1584,\n                0.2007,\n                0.3558,\n                0.2958,\n                0.1192,\n                0.1039,\n                0.3526,\n                0.139,\n                0.2507,\n                0.4055,\n                0.5557,\n                0.1853,\n                0.3189,\n                0.2253,\n                0.2524,\n                0.2189,\n                0.1116,\n                0.2075,\n                0.1791,\n                0.3346,\n                0.0552,\n                0.2696,\n                0.1136,\n                0.2014,\n                0.0258,\n                0.0483,\n                0.1332,\n                0.1146,\n                0.236,\n                0.1453,\n                0.3447,\n                0.0718,\n                0.1211,\n                0.099,\n                0.3591,\n                0.1344,\n                0.31,\n                0.3107,\n                0.353,\n                0.0505,\n                0.0764,\n                0.516,\n                0.9149,\n                0.5799,\n                0.2615,\n                0.1374,\n                0.3657,\n                0.3768,\n                0.6224,\n                0.8511,\n                0.5122,\n                0.0851,\n                0.035,\n                0.2205,\n                0.3394,\n                3.7998,\n                0.1676,\n                0.1575,\n                0.2053,\n                0.2556,\n                0.2475,\n                1.2744,\n                0.5982,\n                0.1672,\n                0.2374,\n                0.2004,\n                0.2825,\n                0.6529,\n                1.968,\n                0.3989,\n                0.3115,\n                0.2442,\n                0.144,\n                0.1655,\n                2.5456,\n                0.5447,\n                0.5546,\n                0.7999,\n                1.0091,\n                1.7094,\n                5.9684,\n                5.1404,\n                2.078,\n                1.2657,\n                1.2917,\n                1.1428,\n                1.6876,\n                5.9496,\n                0.8257,\n                0.5881,\n                0.319,\n                0.6047,\n                0.6796,\n                2.1588,\n                0.1961,\n                0.7047,\n                0.8197,\n                1.1124,\n                1.9254,\n                5.0826,\n                5.9161,\n                1.6505,\n                0.9018,\n                0.2564,\n                0.4886,\n                2.1618,\n                14.9307,\n                3.0599,\n                1.8732,\n                1.9574,\n                1.7488,\n                2.2634,\n                13.7132,\n                2.3719,\n                1.2822,\n                1.2684,\n                0.958,\n                0.8749,\n                0.6417,\n                1.8369,\n                1.5893,\n                1.5608,\n                1.8146,\n                2.5203,\n                4.767,\n                17.3079,\n                2.9549,\n                1.9697,\n                1.7453,\n                2.1045,\n                3.0695,\n                22.332,\n                1.6285,\n                0.2247,\n                1.0109,\n                1.9057,\n                3.9008,\n                14.2769,\n                11.8032,\n                4.4251,\n                3.181,\n                2.1116,\n                1.7687,\n                1.6202,\n                2.9544,\n                1.4671,\n                1.2372,\n                1.3942,\n                1.3816,\n                1.8325,\n                14.8385,\n                0.5518,\n                0.9578,\n                1.2457,\n                1.8513,\n                2.8699,\n                11.3722,\n                7.1097,\n                2.6749,\n                1.7521,\n                1.6021,\n                1.4987,\n                3.1067,\n                6.645,\n                1.6136,\n                0.9521,\n                0.4863,\n                0.941,\n                0.7885\n            ],\n            [\n                521.7838,\n                3.2359,\n                4.5954,\n                7.4629,\n                10.4458,\n                17.8704,\n                67.1137,\n                25.4759,\n                6.543,\n                4.8786,\n                10.856,\n                23.7332,\n                77.3578,\n                144.9075,\n                45.1836,\n                29.1979,\n                22.0921,\n                18.4647,\n                17.5466,\n                51.3525,\n                13.2948,\n                12.5899,\n                11.8774,\n                12.6423,\n                12.484,\n                14.4228,\n                12.3996,\n                13.5703,\n                15.6509,\n                20.3225,\n                29.33,\n                70.2236,\n                77.5037,\n                19.447,\n                9.4405,\n                3.8611,\n                1.3426,\n                2.8826,\n                35.68,\n                4.1262,\n                1.7437,\n                1.0945,\n                1.8712,\n                4.3174,\n                28.8181,\n                7.0347,\n                3.3353,\n                1.9726,\n                1.6055,\n                2.3308,\n                7.1667,\n                6.5811,\n                1.4187,\n                0.6404,\n                0.4001,\n                1.5536,\n                3.1108,\n                17.0044,\n                2.1996,\n                0.8122,\n                1.2742,\n                0.931,\n                1.5612,\n                6.8567,\n                1.8682,\n                1.2597,\n                1.5314,\n                1.9037,\n                2.9242,\n                8.3665,\n                6.5953,\n                1.9724,\n                0.9147,\n                0.4697,\n                0.4544,\n                1.1578,\n                5.8155,\n                1.2139,\n                0.71,\n                0.729,\n                0.6533,\n                0.9519,\n                7.5063,\n                1.0671,\n                0.7167,\n                0.6584,\n                0.722,\n                1.0788,\n                1.9964,\n                2.8701,\n                0.7493,\n                0.4025,\n                0.8361,\n                0.7556,\n                1.9009,\n                5.4263,\n                1.1948,\n                0.8599,\n                0.6174,\n                0.5831,\n                0.5736,\n                2.1238,\n                1.7336,\n                1.1474,\n                0.9316,\n                1.5251,\n                1.5496,\n                3.8931,\n                1.9549,\n                1.072,\n                0.453,\n                0.875,\n                0.8402,\n                1.4764,\n                2.2831,\n                0.4967,\n                0.4322,\n                0.8067,\n                0.5538,\n                0.2991,\n                1.4756,\n                0.8387,\n                1.0193,\n                0.666,\n                0.2696,\n                0.3048,\n                0.5569,\n                1.0941,\n                0.8739,\n                1.2943,\n                1.0468,\n                0.8404,\n                1.5314,\n                0.8512,\n                1.2066,\n                0.6763,\n                0.9911,\n                1.0821,\n                1.1471,\n                0.226,\n                1.0384,\n                1.0505,\n                0.9741,\n                0.7804,\n                1.0979,\n                2.1786,\n                0.3749,\n                0.1946,\n                0.3961,\n                0.7681,\n                1.0187,\n                0.8704,\n                1.5847,\n                1.0338,\n                1.1295,\n                1.1143,\n                0.9368,\n                1.0765,\n                0.1233,\n                0.4149,\n                0.9771,\n                0.4867,\n                0.836,\n                0.5662,\n                1.5044,\n                1.0238,\n                0.9586,\n                0.8946,\n                1.0084,\n                0.7556,\n                0.8889,\n                0.4007,\n                0.6337,\n                1.0301,\n                0.647,\n                0.7706,\n                0.6067,\n                1.41,\n                0.8307,\n                0.8291,\n                0.9557,\n                1.3008,\n                1.0005,\n                1.5636,\n                0.9252,\n                0.7663,\n                0.6702,\n                0.9502,\n                1.1172,\n                0.8281,\n                0.9543,\n                0.5591,\n                0.3939,\n                0.9514,\n                1.1928,\n                0.8203,\n                0.3162,\n                0.63,\n                0.5102,\n                0.9136,\n                0.9019,\n                0.7415,\n                0.7831,\n                0.8307,\n                1.1555,\n                0.7927,\n                1.2379,\n                0.8087,\n                0.7785,\n                0.5561,\n                1.021,\n                0.9387,\n                0.631,\n                1.0099,\n                0.8572,\n                0.5041,\n                0.9412,\n                0.7624,\n                0.1821,\n                0.9577,\n                0.8403,\n                1.0302,\n                0.6096,\n                0.8013,\n                0.9484,\n                0.7171,\n                0.4111,\n                0.9096,\n                0.6045,\n                0.9877,\n                0.7494,\n                1.0822,\n                0.6341,\n                1.0246,\n                0.7309,\n                1.2014,\n                0.6804,\n                0.9346,\n                0.5246,\n                0.3447,\n                0.7502,\n                1.0487,\n                1.1004,\n                0.736,\n                1.2758,\n                0.894,\n                0.944,\n                0.5463,\n                0.9813,\n                0.7795,\n                0.6474,\n                1.3608,\n                0.5189,\n                1.069,\n                1.0065,\n                0.4127,\n                1.3082,\n                0.4127,\n                1.0065,\n                1.069,\n                0.5189,\n                1.3608,\n                0.6474,\n                0.7795,\n                0.9813,\n                0.5463,\n                0.944,\n                0.894,\n                1.2758,\n                0.736,\n                1.1004,\n                1.0487,\n                0.7502,\n                0.3447,\n                0.5246,\n                0.9346,\n                0.6804,\n                1.2014,\n                0.7309,\n                1.0246,\n                0.6341,\n                1.0822,\n                0.7494,\n                0.9877,\n                0.6045,\n                0.9096,\n                0.4111,\n                0.7171,\n                0.9483,\n                0.8013,\n                0.6096,\n                1.0302,\n                0.8403,\n                0.9577,\n                0.1821,\n                0.7624,\n                0.9412,\n                0.5041,\n                0.8572,\n                1.0099,\n                0.631,\n                0.9387,\n                1.021,\n                0.5561,\n                0.7785,\n                0.8087,\n                1.2379,\n                0.7927,\n                1.1555,\n                0.8307,\n                0.7831,\n                0.7415,\n                0.9019,\n                0.9136,\n                0.5102,\n                0.63,\n                0.3162,\n                0.8203,\n                1.1928,\n                0.9514,\n                0.3939,\n                0.5591,\n                0.9543,\n                0.8281,\n                1.1172,\n                0.9502,\n                0.6702,\n                0.7663,\n                0.9252,\n                1.5636,\n                1.0005,\n                1.3008,\n                0.9557,\n                0.8291,\n                0.8307,\n                1.41,\n                0.6067,\n                0.7706,\n                0.647,\n                1.0301,\n                0.6337,\n                0.4007,\n                0.8889,\n                0.7556,\n                1.0084,\n                0.8946,\n                0.9586,\n                1.0238,\n                1.5044,\n                0.5662,\n                0.836,\n                0.4867,\n                0.9771,\n                0.4149,\n                0.1233,\n                1.0765,\n                0.9368,\n                1.1143,\n                1.1295,\n                1.0338,\n                1.5847,\n                0.8704,\n                1.0187,\n                0.7681,\n                0.3961,\n                0.1946,\n                0.3749,\n                2.1786,\n                1.0979,\n                0.7804,\n                0.9741,\n                1.0505,\n                1.0384,\n                0.226,\n                1.1471,\n                1.0821,\n                0.9911,\n                0.6763,\n                1.2066,\n                0.8512,\n                1.5314,\n                0.8404,\n                1.0468,\n                1.2943,\n                0.8739,\n                1.0941,\n                0.5569,\n                0.3048,\n                0.2696,\n                0.666,\n                1.0193,\n                0.8387,\n                1.4756,\n                0.2991,\n                0.5538,\n                0.8067,\n                0.4323,\n                0.4967,\n                2.2831,\n                1.4764,\n                0.8402,\n                0.875,\n                0.453,\n                1.072,\n                1.9549,\n                3.8931,\n                1.5496,\n                1.5251,\n                0.9316,\n                1.1474,\n                1.7336,\n                2.1238,\n                0.5736,\n                0.5831,\n                0.6174,\n                0.8599,\n                1.1948,\n                5.4263,\n                1.9009,\n                0.7556,\n                0.8361,\n                0.4025,\n                0.7493,\n                2.8701,\n                1.9964,\n                1.0788,\n                0.722,\n                0.6584,\n                0.7167,\n                1.0671,\n                7.5063,\n                0.9519,\n                0.6533,\n                0.729,\n                0.71,\n                1.2139,\n                5.8155,\n                1.1578,\n                0.4544,\n                0.4697,\n                0.9147,\n                1.9724,\n                6.5953,\n                8.3665,\n                2.9242,\n                1.9037,\n                1.5314,\n                1.2597,\n                1.8682,\n                6.8567,\n                1.5612,\n                0.931,\n                1.2742,\n                0.8122,\n                2.1996,\n                17.0044,\n                3.1108,\n                1.5536,\n                0.4001,\n                0.6404,\n                1.4187,\n                6.5811,\n                7.1667,\n                2.3308,\n                1.6055,\n                1.9726,\n                3.3353,\n                7.0347,\n                28.8181,\n                4.3174,\n                1.8712,\n                1.0945,\n                1.7437,\n                4.1262,\n                35.68,\n                2.8826,\n                1.3426,\n                3.8611,\n                9.4405,\n                19.447,\n                77.5037,\n                70.2236,\n                29.33,\n                20.3225,\n                15.6509,\n                13.5703,\n                12.3996,\n                14.4228,\n                12.484,\n                12.6423,\n                11.8774,\n                12.5899,\n                13.2948,\n                51.3525,\n                17.5466,\n                18.4647,\n                22.0921,\n                29.1979,\n                45.1836,\n                144.9075,\n                77.3578,\n                23.7332,\n                10.856,\n                4.8786,\n                6.543,\n                25.4759,\n                67.1137,\n                17.8704,\n                10.4458,\n                7.4629,\n                4.5954,\n                3.2359\n            ]\n        ]\n}","options":{"raw":{"language":"json"}}},"url":{"raw":"{{host}}/data","host":["{{host}}"],"path":["data"]}},"_postman_previewlanguage":null,"header":null,"cookie":[],"responseTime":null,"body":null}]},{"name":"get one point","id":"2483eba3-adad-4108-b199-88c523b03005","protocolProfileBehavior":{"disableBodyPruning":true},"request":{"method":"GET","header":[{"key":"Authorization","value":"Bearer eyJhbGciOiJIUzI1NiIsInR5cCI6IkpXVCJ9.eyJlbWFpbCI6InNpZ251cHRlc3RAZ21haWwuY29tIiwidXNlcklkIjoiNWZmZWEyNTg3OWE1MGUyYTMxY2UxMjg4IiwiaWF0IjoxNjIyNjk5MDgwLCJleHAiOjE2MjMzMDM4ODB9.XzNqC-0bjfuS1p8XnCywTqi7-MH4V5MFkYHpj5gjdE0","type":"text"}],"url":{"raw":"{{host}}/data/60b35b376b883e561fb5fe0e","host":["{{host}}"],"path":["data","60b35b376b883e561fb5fe0e"]},"description":"# 用户登陆后获取某个数据点的数据\n\n返回类型\n```json\n{\n    \"dataPoint\": {\n        \"data\": [\n            [\n                11,\n                13,\n                11.45,\n                15,\n                16,\n                17,\n                18,\n                12,\n                34,\n                11.23,\n                12.123\n            ],\n            [\n                11,\n                13,\n                11.45,\n                15,\n                16,\n                17,\n                18\n            ],\n            [\n                11,\n                13,\n                11.45,\n                15,\n                16,\n                17,\n                18\n            ]\n        ],\n        \"_id\": \"5fedd0183651344b81e91096\",\n        \"sensor\": {\n            \"_id\": \"5fedcf893651344b81e91095\",\n            \"user\": \"5fda1b52f9339552b00d9cb5\",\n            \"name\": \"Sensor at motor 5\",\n            \"mac\": \"77-94-1d-bb-9a-dd\",\n            \"class\": \"big motor\"\n        },\n        \"time\": \"2020-12-31T13:20:24.521Z\",\n        \"__v\": 0\n    },\n    \"request\": {\n        \"type\": \"GET\",\n        \"url\": \"http://175.24.189.35:4913/data/5fedd0183651344b81e91096/\"\n    }\n}\n```"},"response":[]},{"name":"delete datapoints","id":"563b49b4-1971-4fdb-a8eb-88b40713ce9c","protocolProfileBehavior":{"disableBodyPruning":true},"request":{"method":"DELETE","header":[{"key":"Authorization","value":"Bearer eyJhbGciOiJIUzI1NiIsInR5cCI6IkpXVCJ9.eyJlbWFpbCI6ImVtYWlsQGdtYWlsLmNvbSIsInVzZXJJZCI6IjVmZDk4OWNkY2Y4OGM4Mjk3YjRkOTE1ZCIsImlhdCI6MTYwODA5NjEyMCwiZXhwIjoxNjA4MDk5NzIwfQ.I4aVrwiu-h5FYqzQSG1BcVgpLOAYXKAmjhTkjLBQLfk","type":"text"}],"body":{"mode":"raw","raw":"","options":{"raw":{"language":"json"}}},"url":{"raw":"{{host}}/data?sensorId=5fd995c6a8e0a12d93ce124b","host":["{{host}}"],"path":["data"],"query":[{"key":"sensorId","value":"5fd995c6a8e0a12d93ce124b"}]},"description":"# 删除某个传感器的所有数据点"},"response":[]},{"name":"delete one datapoint","id":"20dd073e-7d55-4103-80e9-bc18b5d0ce2f","protocolProfileBehavior":{"disableBodyPruning":true},"request":{"method":"DELETE","header":[{"key":"Authorization","value":"Bearer eyJhbGciOiJIUzI1NiIsInR5cCI6IkpXVCJ9.eyJlbWFpbCI6ImVtYWlsQGdtYWlsLmNvbSIsInVzZXJJZCI6IjVmZGExYjUyZjkzMzk1NTJiMDBkOWNiNSIsImlhdCI6MTYxMDAyNjgzNiwiZXhwIjoxNjEwNjMxNjM2fQ.Xu7Vh0Iscb7kXFD3P4Ncq6O49B0J-r7ZxTa4gHtjqKY","type":"text"}],"url":{"raw":"{{host}}/data/5fedd0183651344b81e91096","host":["{{host}}"],"path":["data","5fedd0183651344b81e91096"]},"description":"# 删除某个数据点\n\n返回值\n```json\n{\n    \"message\": \"Data point deleted\",\n    \"request\": {\n        \"type\": \"POST\",\n        \"url\": \"http://175.24.189.35:4913/data/\",\n        \"body\": {\n            \"data\": [\n                \"list\",\n                \"of\",\n                \"numbers\"\n            ]\n        }\n    }\n}\n```"},"response":[]},{"name":"get recent data","id":"57962c4f-a1ba-4da5-ae5d-53e8b13749e3","protocolProfileBehavior":{"disableBodyPruning":true},"request":{"method":"GET","header":[{"key":"Authorization","type":"text","value":"Bearer eyJhbGciOiJIUzI1NiIsInR5cCI6IkpXVCJ9.eyJlbWFpbCI6InNpZ251cHRlc3RAZ21haWwuY29tIiwidXNlcklkIjoiNWZmZWEyNTg3OWE1MGUyYTMxY2UxMjg4IiwiaWF0IjoxNjIyNjk5MDgwLCJleHAiOjE2MjMzMDM4ODB9.XzNqC-0bjfuS1p8XnCywTqi7-MH4V5MFkYHpj5gjdE0"}],"body":{"mode":"raw","raw":"","options":{"raw":{"language":"json"}}},"url":{"raw":"{{host}}/data/recent?sensorId=60b35b376b883e561fb5fe0e&dataNumber=1","host":["{{host}}"],"path":["data","recent"],"query":[{"key":"sensorId","value":"60b35b376b883e561fb5fe0e"},{"key":"dataNumber","value":"1"}]},"description":"# 获取最近的n个data\n\n参数（注意，不是body）\n```json\n \"sensorId\": \"5fd995c6a8e0a12d93ce124b\",\n \"dataNumber\": 2 // most recent n datapoints\n```\n返回值\n```json\n{\n    \"count\": 2,\n    \"Datapoints\": [\n        {\n            \"_id\": \"5fedd05f3651344b81e91099\",\n            \"time\": \"2020-12-31T21:21:35+08:00\",\n            \"request\": {\n                \"type\": \"GET\",\n                \"url\": \"http://175.24.189.35:4913/data/recent?sensorId=5fedcf893651344b81e91095&dataNumber=2/5fedd05f3651344b81e91099\"\n            }\n        },\n        {\n            \"_id\": \"5fedd04a3651344b81e91098\",\n            \"time\": \"2020-12-31T21:21:14+08:00\",\n            \"request\": {\n                \"type\": \"GET\",\n                \"url\": \"http://175.24.189.35:4913/data/recent?sensorId=5fedcf893651344b81e91095&dataNumber=2/5fedd04a3651344b81e91098\"\n            }\n        }\n    ]\n}\n```"},"response":[]},{"name":"get time range data","id":"d6681a97-99dd-4ca6-a975-8acd7749a13c","protocolProfileBehavior":{"disableBodyPruning":true},"request":{"method":"GET","header":[{"key":"Authorization","value":"Bearer eyJhbGciOiJIUzI1NiIsInR5cCI6IkpXVCJ9.eyJlbWFpbCI6InNpZ251cHRlc3RAZ21haWwuY29tIiwidXNlcklkIjoiNWZmZWEyNTg3OWE1MGUyYTMxY2UxMjg4IiwiaWF0IjoxNjIyNjk5MDgwLCJleHAiOjE2MjMzMDM4ODB9.XzNqC-0bjfuS1p8XnCywTqi7-MH4V5MFkYHpj5gjdE0","type":"text"}],"body":{"mode":"raw","raw":"","options":{"raw":{"language":"json"}}},"url":{"raw":"{{host}}/data/timerange?start=2020-12-24T02:14:00.000Z&end=2021-06-04T02:23:26.601Z&sensorId=60b35b376b883e561fb5fe0e","host":["{{host}}"],"path":["data","timerange"],"query":[{"key":"start","value":"2020-12-24T02:14:00.000Z"},{"key":"end","value":"2021-06-04T02:23:26.601Z"},{"key":"sensorId","value":"60b35b376b883e561fb5fe0e"}]},"description":"## 使用时间段获取data\n\n参数\n```json\n    \"start\": \"2020-12-16T11:37:32+08:00\",\n    \"end\": \"2020-12-16T11:37:35+08:00\",\n    \"sensorId\": \"5fd995c6a8e0a12d93ce124b\"\n```\n返回值\n```json\n{\n    \"count\": 3,\n    \"Datapoints\": [\n        {\n            \"_id\": \"5fedd0183651344b81e91096\",\n            \"time\": \"2020-12-31T21:20:24+08:00\",\n            \"request\": {\n                \"type\": \"GET\",\n                \"url\": \"http://175.24.189.35:4913/data/timerange?start=2020-12-24T02:14:00.000Z&end=2021-01-01T02:23:26.601Z&sensorId=5fedcf893651344b81e91095/5fedd0183651344b81e91096\"\n            }\n        },\n        {\n            \"_id\": \"5fedd04a3651344b81e91098\",\n            \"time\": \"2020-12-31T21:21:14+08:00\",\n            \"request\": {\n                \"type\": \"GET\",\n                \"url\": \"http://175.24.189.35:4913/data/timerange?start=2020-12-24T02:14:00.000Z&end=2021-01-01T02:23:26.601Z&sensorId=5fedcf893651344b81e91095/5fedd04a3651344b81e91098\"\n            }\n        },\n        {\n            \"_id\": \"5fedd05f3651344b81e91099\",\n            \"time\": \"2020-12-31T21:21:35+08:00\",\n            \"request\": {\n                \"type\": \"GET\",\n                \"url\": \"http://175.24.189.35:4913/data/timerange?start=2020-12-24T02:14:00.000Z&end=2021-01-01T02:23:26.601Z&sensorId=5fedcf893651344b81e91095/5fedd05f3651344b81e91099\"\n            }\n        }\n    ]\n}\n```"},"response":[]},{"name":"Add New Data Payload","id":"543953dc-b178-433a-9039-202d574e9d0e","protocolProfileBehavior":{"disableBodyPruning":true},"request":{"method":"POST","header":[{"key":"Authorization","value":"bearer eyJhbGciOiJIUzI1NiIsInR5cCI6IkpXVCJ9.eyJtYWMiOiIxMS1jYy01Ny01ZS0wMC1jYyIsInNlbnNvcklkIjoiNjA4N2Y1NDEwYmZlN2U2ZTBkNGZjMjRiIiwiaWF0IjoxNjE5NTI0ODE2LCJleHAiOjE2MTk2MTEyMTZ9.50EHQ_TFy7Y6A5WUVJu5AJBFCCb3-CryjIoibcGYJ8k","type":"text"}],"body":{"mode":"raw","raw":"{\n\t\"ProtocolVer\": \"1.0\",\n\n\t\"Temperature\": {\n\t\t\"Measure\": true,\n\t\t\"Unit\": \"Metric\",\n        \"Data\": 19\n\t},\n\t\"ACCrms\": {\n\t\t\"Measure\": true,\n\t\t\"Duartion\": 10,\n\t\t\"AccRange\": \"2g\",\n\t\t\"AxisSelect\": \"3Axis\",\n        \"Data\": {\n            \"X\": 12,\n            \"Y\":13,\n            \"Z\":14,\n            \"Radial\":15\n        }\n\t},\n\t\"Vrms\": {\n\t\t\"Measure\": true,\n\t\t\"Duartion\": 10,\n\t\t\"AccRange\": \"2g\",\n\t\t\"AxisSelect\": \"3Axis\"\n\t},\n\t\"LowFreqSpect\": {\n\t\t\"Measure\": true,\n\t\t\"AccRange\": \"2g\",\n\t\t\"AxisSelect\": \"3Axis\",\n\t\t\"MaxFreq\": \"100Hz\",\n\t\t\"Resolution\": \"1Hz\"\n\t},\n\t\"HighFreqSpect\": {\n\t\t\"Measure\": true,\n\t\t\"AccRange\": \"2g\",\n\t\t\"AxisSelect\": \"3Axis\",\n\t\t\"SampleSize\": \"512\"\n\t}\n}","options":{"raw":{"language":"json"}}},"url":{"raw":"{{host}}/dat","host":["{{host}}"],"path":["dat"]}},"response":[]},{"name":"Get Data Payload Id with timerange","id":"2b2627cd-fd61-4d50-958b-4413273e198a","protocolProfileBehavior":{"disableBodyPruning":true},"request":{"method":"GET","header":[{"key":"Authorization","value":"bearer eyJhbGciOiJIUzI1NiIsInR5cCI6IkpXVCJ9.eyJlbWFpbCI6ImVtYWlsQGdtYWlsLmNvbSIsInVzZXJJZCI6IjVmZDk4OWNkY2Y4OGM4Mjk3YjRkOTE1ZCIsImlhdCI6MTYxOTQ5MzcwNCwiZXhwIjoxNjIwMDk4NTA0fQ.-uYfCbBjbhnpKvHv1XBkd_8h6MaH-58zuybl_3peyp4","type":"text"}],"url":{"raw":"{{host}}/dat/timerange?start=2020-12-24T02:14:00.000Z&end=2021-05-09T02:23:26.601Z&sensorId=6087f5410bfe7e6e0d4fc24b","host":["{{host}}"],"path":["dat","timerange"],"query":[{"key":"start","value":"2020-12-24T02:14:00.000Z"},{"key":"end","value":"2021-05-09T02:23:26.601Z"},{"key":"sensorId","value":"6087f5410bfe7e6e0d4fc24b"}]}},"response":[]},{"name":"Get Most Recent Data Payload Id","id":"7ed31edb-936a-4960-8345-125be53ff2f3","protocolProfileBehavior":{"disableBodyPruning":true},"request":{"method":"GET","header":[{"key":"Authorization","value":"bearer eyJhbGciOiJIUzI1NiIsInR5cCI6IkpXVCJ9.eyJlbWFpbCI6ImVtYWlsQGdtYWlsLmNvbSIsInVzZXJJZCI6IjVmZDk4OWNkY2Y4OGM4Mjk3YjRkOTE1ZCIsImlhdCI6MTYxOTQ5MzcwNCwiZXhwIjoxNjIwMDk4NTA0fQ.-uYfCbBjbhnpKvHv1XBkd_8h6MaH-58zuybl_3peyp4","type":"text"}],"url":{"raw":"{{host}}/dat/recent?sensorId=6087f5410bfe7e6e0d4fc24b&dataNumber=2","host":["{{host}}"],"path":["dat","recent"],"query":[{"key":"sensorId","value":"6087f5410bfe7e6e0d4fc24b"},{"key":"dataNumber","value":"2"}]}},"response":[]},{"name":"Get One Data Payload","id":"7a8f30b3-7dea-4541-ba70-d720d29bb92f","protocolProfileBehavior":{"disableBodyPruning":true},"request":{"method":"GET","header":[{"key":"Authorization","value":"bearer eyJhbGciOiJIUzI1NiIsInR5cCI6IkpXVCJ9.eyJlbWFpbCI6ImVtYWlsQGdtYWlsLmNvbSIsInVzZXJJZCI6IjVmZDk4OWNkY2Y4OGM4Mjk3YjRkOTE1ZCIsImlhdCI6MTYxOTQ5MzcwNCwiZXhwIjoxNjIwMDk4NTA0fQ.-uYfCbBjbhnpKvHv1XBkd_8h6MaH-58zuybl_3peyp4","type":"text"}],"url":{"raw":"{{host}}/dat/60880c5b6a7cfc81511dd7cf","host":["{{host}}"],"path":["dat","60880c5b6a7cfc81511dd7cf"]}},"response":[]}]}