{"info":{"_postman_id":"45375c8a-d807-4348-9443-6ded2ba48fde","name":"UserTest","description":"用户测试\n","schema":"https://schema.getpostman.com/json/collection/v2.1.0/collection.json"},"item":[{"name":"signup","id":"f142c2ba-39c8-4ca3-9101-570be82564d6","protocolProfileBehavior":{"disableBodyPruning":true},"request":{"method":"POST","header":[],"body":{"mode":"raw","raw":"{\n    \"name\": \"name\",\n    \"email\": \"email2646@gmail.com\",\n    \"password\": \"pass\",\n    \"registrationCode\": \"XXXXX-XXXXX-XXXXX-XXXXX-XXX66\"\n}","options":{"raw":{"language":"json"}}},"url":{"raw":"http://{{host}}/users/signup","protocol":"http","host":["{{host}}"],"path":["users","signup"]},"description":"## 注册一个用户\nBody使用JSON：\n```json\n{\n    \"name\": \"name\",\n    \"email\": \"email224@gmail.com\",\n    \"password\": \"pass\",\n    \"registrationCode\": \"这儿需要填入有效注册码\"\n}\n```\n注册码的添加见：AdminTest->Add Registration Code"},"response":[]},{"name":"login","id":"510aef91-31dd-4054-a65e-a796ca5c43dd","protocolProfileBehavior":{"disableBodyPruning":true},"request":{"method":"POST","header":[],"body":{"mode":"raw","raw":"{\n    \"email\": \"signuptest@gmail.com\",\n    \"password\": \"password\"\n}","options":{"raw":{"language":"json"}}},"url":{"raw":"{{host}}/users/login","host":["{{host}}"],"path":["users","login"]},"description":"## 用户登录\n- 用户登录\n使用已注册的用户Body：\n```json\n{\n    \"name\": \"jack\",\n    \"email\": \"jack@gmail.com\",\n    \"password\": \"mypass\"\n}\n```\n登录后获取token"},"response":[]},{"name":"delete/:userId","id":"22ba1e5a-48c1-43bd-b4d8-23a8268777be","protocolProfileBehavior":{"disableBodyPruning":true},"request":{"method":"DELETE","header":[{"key":"Authorization","value":"Bearer eyJhbGciOiJIUzI1NiIsInR5cCI6IkpXVCJ9.eyJlbWFpbCI6ImphY2tAZ21haWwuY29tIiwidXNlcklkIjoiNWZkODY2NDFmNDJkMWM0YWZiNjJmOWI4IiwiaWF0IjoxNjA4MDE3NzQ3LCJleHAiOjE2MDgwMjEzNDd9.PgKwmYHe51zGVeu6q9qFuOp_jwZawKpGEiEatVs_sf8","type":"text"}],"url":{"raw":"http://{{host}}/users/5fd86641f42d1c4afb62f9b8","protocol":"http","host":["{{host}}"],"path":["users","5fd86641f42d1c4afb62f9b8"]},"description":"## 删除已有用户 （谨慎使用！建议不要提供给用户，仅供测试用）\n用DELETE，接userId\n> 注意！需要在Headers中使用验证：\n> `Authoriztion: Bearer xxxx`"},"response":[]},{"name":"Get User","id":"4e0e5cea-f02b-46de-bb29-353132d113c3","protocolProfileBehavior":{"disableBodyPruning":true},"request":{"method":"GET","header":[{"key":"Authorization","value":"Bearer eyJhbGciOiJIUzI1NiIsInR5cCI6IkpXVCJ9.eyJlbWFpbCI6InNpZ251cHRlc3RAZ21haWwuY29tIiwidXNlcklkIjoiNWZmZWEyNTg3OWE1MGUyYTMxY2UxMjg4IiwiaWF0IjoxNjIxNzUxMzYwLCJleHAiOjE2MjIzNTYxNjB9.eUtWOOxPM8cn4VJp7AK3Bh1nPWdWTvEHRKd5BKBdKBQ","type":"text"}],"url":{"raw":"{{host}}/users/","host":["{{host}}"],"path":["users",""]},"description":"## 登陆后进行用户数据获取"},"response":[]},{"name":"verification email","id":"092cfc5e-a579-44cb-b028-1448864d0777","protocolProfileBehavior":{"disableBodyPruning":true},"request":{"method":"POST","header":[],"body":{"mode":"raw","raw":"{\n    \"email\": \"bingcheng@alumni.sjtu.edu.cn\"\n}\n","options":{"raw":{"language":"json"}}},"url":{"raw":"{{host}}/users/verify","host":["{{host}}"],"path":["users","verify"]},"description":"暂未实现"},"response":[]},{"name":"Update user info","id":"aed24030-4727-4873-9fa4-01bf59e20590","protocolProfileBehavior":{"disableBodyPruning":true},"request":{"method":"PUT","header":[{"key":"Authorization","value":"Bearer eyJhbGciOiJIUzI1NiIsInR5cCI6IkpXVCJ9.eyJlbWFpbCI6ImVtYWlsQGdtYWlsLmNvbSIsInVzZXJJZCI6IjVmZDk4OWNkY2Y4OGM4Mjk3YjRkOTE1ZCIsImlhdCI6MTYwOTU3MjkxMCwiZXhwIjoxNjEwMTc3NzEwfQ.ILU9Q9vrlvG2YrbjTPRTBIU3ysfau8pvI79R1RfKZ2Q","type":"text"}],"body":{"mode":"raw","raw":"[\n    {\n        \"propName\": \"name\",\n        \"value\": \"二哈\"\n    },\n    {\n        \"propName\": \"company\",\n        \"value\": \"feili electron\"\n    },\n    {\n        \"propName\": \"remarks\",\n        \"value\": \"可以输入一段备注信息，比如一些备忘录\"\n    }\n]","options":{"raw":{"language":"json"}}},"url":{"raw":"{{host}}/users/update","host":["{{host}}"],"path":["users","update"]},"description":"# 更新用户数据\n> 需要先登录！\n\n形式如下：\n```json\n[\n    {\n        \"propName\": \"name\",\n        \"value\": \"二哈qi\"\n    },\n    {\n        \"propName\": \"company\",\n        \"value\": \"feili electron\"\n    },\n    {\n        \"propName\": \"remarks\",\n        \"value\": \"可以输入一段备注信息，比如一些备忘录\"\n    }\n]\n```\n\n可以更新三个字段：`name`,  `company`, `remarks`.\n也可以选择性只更新其中某个字段或者某几个字段。"},"response":[]}]}