{"info":{"_postman_id":"5daf8f38-450e-4ad8-9e79-7ac53063c1e1","name":"SensorTest","description":"测试传感器","schema":"https://schema.getpostman.com/json/collection/v2.1.0/collection.json"},"item":[{"name":"signup","id":"d61adf21-f175-4aba-bae2-f12a4dcc17a7","protocolProfileBehavior":{"disableBodyPruning":true},"request":{"method":"POST","header":[{"key":"Authorization","type":"text","value":"Bearer eyJhbGciOiJIUzI1NiIsInR5cCI6IkpXVCJ9.eyJlbWFpbCI6InNpZ251cHRlc3RAZ21haWwuY29tIiwidXNlcklkIjoiNWZmZWEyNTg3OWE1MGUyYTMxY2UxMjg4IiwiaWF0IjoxNjI0ODgwODQ3LCJleHAiOjE2MjU0ODU2NDd9.uNOaCBlLYv5Y-8Wo2kRsjE92keMe-3M6L7Ol_nHCMso"}],"body":{"mode":"raw","raw":"{\n    \"name\": \"esp32_743board_zsy\",\n    \"mac\": \"3C-61-05-4A-3D-E0\",\n    \"class\": \"big motor\",\n    \"model\": \"HBC-0X2\",\n    \"location\": \"Shanghai\"\n}","options":{"raw":{"language":"json"}}},"url":{"raw":"{{host}}/sensors/signup","host":["{{host}}"],"path":["sensors","signup"]},"description":"## 注册一个传感器\n默认body需要三个值飞空\n```json\n{\n    \"name\": \"一号锅炉室三号电机\",\n    \"mac\": \"10-9a-1d-19-9a-16\",\n    \"class\": \"震动检测1\"\n}\n```"},"response":[]},{"name":"get all info","id":"388cee72-c6bb-4666-a98a-0635b2cfdaca","protocolProfileBehavior":{"disableBodyPruning":true},"request":{"method":"GET","header":[{"key":"Authorization","value":"Bearer eyJhbGciOiJIUzI1NiIsInR5cCI6IkpXVCJ9.eyJlbWFpbCI6InNpZ251cHRlc3RAZ21haWwuY29tIiwidXNlcklkIjoiNWZmZWEyNTg3OWE1MGUyYTMxY2UxMjg4IiwiaWF0IjoxNjI1MTM2NjE3LCJleHAiOjE2MjU3NDE0MTd9.JPVfSAIPxU2D9WgT2r2j8Gz--oeE7_ZM1pgPmhswhME","type":"text"}],"url":{"raw":"{{host}}/sensors","host":["{{host}}"],"path":["sensors"]},"description":"# 获取传感器信息：\n需要用用户账号登录后使用"},"response":[]},{"name":"get one info","id":"8b6703d0-02a1-43f1-b457-07cf90bf8c9a","protocolProfileBehavior":{"disableBodyPruning":true},"request":{"method":"GET","header":[{"key":"Authorization","value":"Bearer eyJhbGciOiJIUzI1NiIsInR5cCI6IkpXVCJ9.eyJlbWFpbCI6ImVtYWlsQGdtYWlsLmNvbSIsInVzZXJJZCI6IjVmZDk4OWNkY2Y4OGM4Mjk3YjRkOTE1ZCIsImlhdCI6MTYwODA5MjQxOSwiZXhwIjoxNjA4MDk2MDE5fQ.NVgUXp6xEBxUz21LkG5lsRi6fQ2FKDZQRI4byjCoQRo","type":"text"}],"url":{"raw":"{{host}}/sensors/5fd98bdbcf88c8297b4d915e","host":["{{host}}"],"path":["sensors","5fd98bdbcf88c8297b4d915e"]},"description":"# 获取传感器信息：\n需要用用户账号登录后使用"},"response":[]},{"name":"update info","id":"b837b750-103c-4202-bcfc-267b0cf7fcf3","protocolProfileBehavior":{"disableBodyPruning":true},"request":{"method":"PUT","header":[{"key":"Authorization","value":"Bearer eyJhbGciOiJIUzI1NiIsInR5cCI6IkpXVCJ9.eyJlbWFpbCI6ImVtYWlsQGdtYWlsLmNvbSIsInVzZXJJZCI6IjVmZDk4OWNkY2Y4OGM4Mjk3YjRkOTE1ZCIsImlhdCI6MTYxNDI1Mzg5MSwiZXhwIjoxNjE0ODU4NjkxfQ.QkjxayvihZSyDRcRnzN7w9Tk6RxbNhmxjxq9F7VACNM","type":"text"}],"body":{"mode":"raw","raw":"[\n    {\n        \"propName\": \"name\",\n        \"value\": \"电机New\"\n    },\n    {\n        \"propName\": \"class\",\n        \"value\": \"New Class HBC-110\"\n    },\n    {\n        \"propName\": \"settings\",\n        \"value\": {\n            \"showX\": true,\n            \"showY\": true,\n            \"showZ\": true,\n            \"overlap\": true,\n            \"freqLow\": 12,\n            \"freqHigh\": 999,\n            \"dt\": 0.002,\n            \"dataNum\": 499\n        }\n    }\n]","options":{"raw":{"language":"json"}}},"url":{"raw":"{{host}}/sensors/603790213beb10f6649f7818","host":["{{host}}"],"path":["sensors","603790213beb10f6649f7818"]},"description":"\n\n```json\n[\n    {\n        \"propName\": \"name\",\n        \"value\": \"电机New\"\n    },\n    {\n        \"propName\": \"class\",\n        \"value\": \"New Class HBC-110\"\n    },\n    {\n        \"propName\": \"settings\",\n        \"value\": {\n            \"showX\": true,\n            \"showY\": true,\n            \"showZ\": true,\n            \"overlap\": true,\n            \"freqLow\": 12,\n            \"freqHigh\": 999,\n            \"dt\": 0.002,\n            \"dataNum\": 499\n        }\n    }\n]\n```"},"response":[]},{"name":"Delete","id":"67d86d0d-0f11-47f2-99ab-0ebfeffd020f","protocolProfileBehavior":{"disableBodyPruning":true},"request":{"method":"DELETE","header":[{"key":"Authorization","value":"Bearer eyJhbGciOiJIUzI1NiIsInR5cCI6IkpXVCJ9.eyJlbWFpbCI6InNpZ251cHRlc3RAZ21haWwuY29tIiwidXNlcklkIjoiNWZmZWEyNTg3OWE1MGUyYTMxY2UxMjg4IiwiaWF0IjoxNjIzMDY5NjU3LCJleHAiOjE2MjM2NzQ0NTd9.UsARFVeHDsJUDn2XxHsSrygB1K9eaq22H0kyQ7PQqWk","type":"text"}],"url":{"raw":"{{host}}/sensors/60be1cf06b883e561fb6003f","host":["{{host}}"],"path":["sensors","60be1cf06b883e561fb6003f"]},"description":"## 删除该sensor\n"},"response":[]},{"name":"validate","id":"1bbba3cf-cd8a-4fcd-bcb4-aab1de00d587","protocolProfileBehavior":{"disableBodyPruning":true},"request":{"method":"POST","header":[],"body":{"mode":"raw","raw":"{\n    \"password\": \"tApDJFqgBk8YF8U2\",\n    \"mac\": \"3C-61-05-4A-3D-E0\"\n}","options":{"raw":{"language":"json"}}},"url":{"raw":"{{host}}/sensors/valid","host":["{{host}}"],"path":["sensors","valid"]},"description":"## 验证密码是否正确\n\n需要在传感器端进行"},"response":[]},{"name":"login","id":"b7d86870-da0b-491e-8001-e5615bfb4794","protocolProfileBehavior":{"disableBodyPruning":true},"request":{"method":"POST","header":[],"body":{"mode":"raw","raw":"{\n    \"password\": \"tApDJFqgBk8YF8U2\",\n    \"mac\": \"3C-61-05-4A-3D-E0\"\n}","options":{"raw":{"language":"json"}}},"url":{"raw":"{{host}}/sensors/login","host":["{{host}}"],"path":["sensors","login"]},"description":"## 登录sensor\n这个是在芯片端的登录，需要\n```json\n{\n    \"password\": passwd,\n    \"mac\": mac-addr\n}\n```"},"response":[]},{"name":"get settings","id":"658f723c-b350-40ba-a7cc-3b2d2369c601","protocolProfileBehavior":{"disableBodyPruning":true},"request":{"method":"GET","header":[{"key":"Authorization","value":"Bearer eyJhbGciOiJIUzI1NiIsInR5cCI6IkpXVCJ9.eyJtYWMiOiIzQy02MS0wNS00QS0zRC05OCIsInNlbnNvcklkIjoiNjA4YmNlY2M2Yjg4M2U1NjFmYjVmYjVmIiwiaWF0IjoxNjE5Nzc1MzIxLCJleHAiOjE2MTk4NjE3MjF9.06TJ65awouS75s9wUjvN-oqCscv9_SJ0Vj3-7wmILSg","type":"text"}],"url":{"raw":"{{host}}/sensors/settings","host":["{{host}}"],"path":["sensors","settings"]}},"response":[]},{"name":"Set Request Payloads","id":"d251ac5d-f7fe-4081-ae29-63665c452b56","protocolProfileBehavior":{"disableBodyPruning":true},"request":{"method":"POST","header":[{"key":"Authorization","value":"bearer eyJhbGciOiJIUzI1NiIsInR5cCI6IkpXVCJ9.eyJlbWFpbCI6ImVtYWlsQGdtYWlsLmNvbSIsInVzZXJJZCI6IjVmZDk4OWNkY2Y4OGM4Mjk3YjRkOTE1ZCIsImlhdCI6MTYxOTQ5MzcwNCwiZXhwIjoxNjIwMDk4NTA0fQ.-uYfCbBjbhnpKvHv1XBkd_8h6MaH-58zuybl_3peyp4","type":"text"}],"body":{"mode":"raw","raw":"{\n\t\"ProtocolVer\": \"1.0\",\n\n\t\"Temperature\": {\n\t\t\"Measure\": true,\n\t\t\"Unit\": \"Metric\"\n\t},\n\t\"ACCrms\": {\n\t\t\"Measure\": true,\n\t\t\"Duartion\": 10,\n\t\t\"AccRange\": \"2g\",\n\t\t\"AxisSelect\": \"3Axis\"\n\t},\n\t\"Vrms\": {\n\t\t\"Measure\": true,\n\t\t\"Duartion\": 10,\n\t\t\"AccRange\": \"2g\",\n\t\t\"AxisSelect\": \"3Axis\"\n\t},\n\t\"LowFreqSpect\": {\n\t\t\"Measure\": true,\n\t\t\"AccRange\": \"2g\",\n\t\t\"AxisSelect\": \"3Axis\",\n\t\t\"MaxFreq\": \"100Hz\",\n\t\t\"Resolution\": \"1Hz\"\n\t},\n\t\"HighFreqSpect\": {\n\t\t\"Measure\": true,\n\t\t\"AccRange\": \"2g\",\n\t\t\"AxisSelect\": \"3Axis\",\n\t\t\"SampleSize\": \"512\"\n\t}\n}","options":{"raw":{"language":"json"}}},"url":{"raw":"{{host}}/req?sensorId=6087f5410bfe7e6e0d4fc24b","host":["{{host}}"],"path":["req"],"query":[{"key":"sensorId","value":"6087f5410bfe7e6e0d4fc24b"}]}},"response":[]},{"name":"Get Request Payloads","id":"d45c0d57-ce81-4e54-bf01-9c85e4052339","protocolProfileBehavior":{"disableBodyPruning":true},"request":{"method":"GET","header":[{"key":"Authorization","value":"bearer eyJhbGciOiJIUzI1NiIsInR5cCI6IkpXVCJ9.eyJlbWFpbCI6ImVtYWlsQGdtYWlsLmNvbSIsInVzZXJJZCI6IjVmZDk4OWNkY2Y4OGM4Mjk3YjRkOTE1ZCIsImlhdCI6MTYxOTQ5MzcwNCwiZXhwIjoxNjIwMDk4NTA0fQ.-uYfCbBjbhnpKvHv1XBkd_8h6MaH-58zuybl_3peyp4","type":"text"}],"url":{"raw":"{{host}}/req?sensorId=5fe14909621f620ecebd0722","host":["{{host}}"],"path":["req"],"query":[{"key":"sensorId","value":"5fe14909621f620ecebd0722"}]}},"response":[]},{"name":"MCU Get Request Payloads","id":"e9e88559-2dd5-4dba-87de-6d555f49bfcd","protocolProfileBehavior":{"disableBodyPruning":true},"request":{"method":"GET","header":[{"key":"Authorization","value":"bearer eyJhbGciOiJIUzI1NiIsInR5cCI6IkpXVCJ9.eyJtYWMiOiIxMS1jYy01Ny01ZS0wMC1jYyIsInNlbnNvcklkIjoiNjA4N2Y1NDEwYmZlN2U2ZTBkNGZjMjRiIiwiaWF0IjoxNjE5NTI0ODE2LCJleHAiOjE2MTk2MTEyMTZ9.50EHQ_TFy7Y6A5WUVJu5AJBFCCb3-CryjIoibcGYJ8k","type":"text"}],"url":{"raw":"{{host}}/req/payloads","host":["{{host}}"],"path":["req","payloads"]}},"response":[]},{"name":"Update Request Payloads","id":"f10cf31e-e70d-4526-af9c-a49bbcb2d33a","protocolProfileBehavior":{"disableBodyPruning":true},"request":{"method":"PUT","header":[{"key":"Authorization","value":"bearer eyJhbGciOiJIUzI1NiIsInR5cCI6IkpXVCJ9.eyJlbWFpbCI6ImVtYWlsQGdtYWlsLmNvbSIsInVzZXJJZCI6IjVmZDk4OWNkY2Y4OGM4Mjk3YjRkOTE1ZCIsImlhdCI6MTYxOTQ5MzcwNCwiZXhwIjoxNjIwMDk4NTA0fQ.-uYfCbBjbhnpKvHv1XBkd_8h6MaH-58zuybl_3peyp4","type":"text"}],"body":{"mode":"raw","raw":"[\n    {\n        \"propName\": \"ACCrms\",\n        \"value\": {\n            \"Measure\": true,\n            \"Duartion\": 100,\n            \"AccRange\": \"2g\",\n            \"AxisSelect\": \"3Axis\"\n        }\n    }\n]","options":{"raw":{"language":"json"}}},"url":{"raw":"{{host}}/req?sensorId=5fe14909621f620ecebd0722","host":["{{host}}"],"path":["req"],"query":[{"key":"sensorId","value":"5fe14909621f620ecebd0722"}]}},"response":[]}]}