{"info":{"_postman_id":"6bf9c275-9a65-49d6-891f-767d7c7a57d2","name":"AdminTest","schema":"https://schema.getpostman.com/json/collection/v2.1.0/collection.json"},"item":[{"name":"signup admin","id":"8e117411-60f1-4cb1-a102-b668531606ae","protocolProfileBehavior":{"disableBodyPruning":true},"request":{"method":"POST","header":[],"body":{"mode":"raw","raw":"{\n    \"name\": \"admin\",\n    \"email\": \"admin@openmc.cn\",\n    \"password\": \"password4admin\"\n}","options":{"raw":{"language":"json"}}},"url":{"raw":"{{host}}/admins/signup","host":["{{host}}"],"path":["admins","signup"]},"description":"# 注册一个新的管理员\n> 日常会返回404，不允许注册\n\nbody:\n```json\n{\n    \"name\": \"admin\",\n    \"email\": \"admin@openmc.cn\",\n    \"password\": \"password4admin\"\n}\n```"},"response":[]},{"name":"Login admin","id":"3b0fd43f-c504-4a9d-ade7-c558a2690a5b","protocolProfileBehavior":{"disableBodyPruning":true},"request":{"method":"POST","header":[],"body":{"mode":"raw","raw":"{\n    \"email\": \"admin@openmc.cn\",\n    \"password\": \"password4admin\"\n}","options":{"raw":{"language":"json"}}},"url":{"raw":"{{host}}/admins/login","host":["{{host}}"],"path":["admins","login"]},"description":"# 登录管理员用户\n获取管理员token\n\nbody\n```json\n{\n    \"email\": \"admin@openmc.cn\",\n    \"password\": \"password4admin\"\n}\n```"},"response":[]},{"name":"Add Registration Code","id":"74ab6fa4-a48a-460b-a1aa-850369c92a5e","protocolProfileBehavior":{"disableBodyPruning":true},"request":{"method":"POST","header":[{"key":"Admin-Authorization","value":"Bearer eyJhbGciOiJIUzI1NiIsInR5cCI6IkpXVCJ9.eyJlbWFpbCI6ImFkbWluQG9wZW5tYy5jbiIsInVzZXJJZCI6IjVmZjk3NTk1YzFhNzk4ODM0NGU0NTEzZCIsImlhdCI6MTYxMzc4NDcyNSwiZXhwIjoxNjE0Mzg5NTI1fQ.a7btPqB9Rl_W795yO4zqi7B_ryIdh6iAoRz_7sfdr8w","type":"text"}],"body":{"mode":"raw","raw":"{\n    \"code\": \"XXXXX-XXXXX-XXXXX-XXXXX-XXXZz\"\n}","options":{"raw":{"language":"json"}}},"url":{"raw":"{{host}}/registration-code/add","host":["{{host}}"],"path":["registration-code","add"]},"description":"# 管理员登陆后使用`token`来添加注册码\nbody\n```json\n{\n    \"code\": \"XXXXX-XXXXX-XXXXX-XXXXX-XXXXX\"\n}\n```\n参考微软注册码，允许英文字母大小写和数字，使用短杠连接每5个字符.\n> 注意token需要登录admin后获取\n\n一个注册码只能用一次"},"response":[]}]}