{"info":{"_postman_id":"b7e3d60c-2d9d-4802-9a62-b7f544e84c92","name":"RestAPITest","schema":"https://schema.getpostman.com/json/collection/v2.1.0/collection.json"},"item":[{"name":"{{host}}/products","id":"89b55333-18e9-4d39-ae6e-0a8cc541cebd","protocolProfileBehavior":{"disableBodyPruning":true},"request":{"method":"POST","header":[{"key":"Authorization","value":"Bearer eyJhbGciOiJIUzI1NiIsInR5cCI6IkpXVCJ9.eyJlbWFpbCI6ImVlZUBnbWFpbC5jb20iLCJ1c2VySWQiOiI1ZmQ1OGFiZGM2MWU2ZDI1YjliYzU1MWEiLCJpYXQiOjE2MDc4NjE4NzEsImV4cCI6MTYwNzg2NTQ3MX0.NpHkyZetQYWQfd8ycCItzhroA8RBK2zNr1XqWlQZoc8","type":"text"}],"body":{"mode":"formdata","formdata":[{"key":"name","value":"Harray Potter","type":"text"},{"key":"price","value":"12.12","type":"text"},{"key":"productImage","type":"file","src":"/Users/bingcheng/Pictures/yin_small.png"},{"key":"Authorization","value":"Bearer eyJhbGciOiJIUzI1NiIsInR5cCI6IkpXVCJ9.eyJlbWFpbCI6ImVlZUBnbWFpbC5jb20iLCJ1c2VySWQiOiI1ZmQ1OGFiZGM2MWU2ZDI1YjliYzU1MWEiLCJpYXQiOjE2MDc4MzAzMDUsImV4cCI6MTYwNzgzMzkwNX0.xDrpZNWBsP9Ps_RQgtmFQCdCmtdeenJQE_dtCL7ImRk","type":"text","disabled":true}]},"url":{"raw":"{{host}}/products","host":["{{host}}"],"path":["products"]}},"response":[]},{"name":"{{host}}/products/5fcf7ab4a535338e04b3b92f","id":"b9f8d567-566d-4b46-ae34-1c3dc60e944d","protocolProfileBehavior":{"disableBodyPruning":true},"request":{"method":"PUT","header":[{"key":"Authorization","value":"Bearer eyJhbGciOiJIUzI1NiIsInR5cCI6IkpXVCJ9.eyJlbWFpbCI6ImVlZUBnbWFpbC5jb20iLCJ1c2VySWQiOiI1ZmQxYTI3YTIyZmIxZjI2ZWUxZjg2ZmQiLCJpYXQiOjE2MDc1NzczNjcsImV4cCI6MTYwNzU4MDk2N30.GzIYFq4rlP6RCSBVRpZulwB-bPmtkMkyV2ShFLNLx_0","type":"text"}],"body":{"mode":"raw","raw":"[\n    {\n        \"propName\": \"price\",\n        \"value\": 19\n    },\n    {\n        \"propName\": \"name\",\n        \"value\": \"Big Boss\"\n    }\n]","options":{"raw":{"language":"json"}}},"url":{"raw":"{{host}}/products/5fd08ce5b2d8f2068e256cac","host":["{{host}}"],"path":["products","5fd08ce5b2d8f2068e256cac"]}},"response":[]},{"name":"{{host}}/orders","id":"328df6fe-93e5-4d92-8ee4-9f437b7c8a12","protocolProfileBehavior":{"disableBodyPruning":true},"request":{"method":"GET","header":[{"key":"Authorization","value":"Bearer eyJhbGciOiJIUzI1NiIsInR5cCI6IkpXVCJ9.eyJlbWFpbCI6ImVlZUBnbWFpbC5jb203IiwidXNlcklkIjoiNWZkNzNmZmQzNWIyY2NiMDMwNDljMDQxIiwiaWF0IjoxNjA4MDA4Mzg1LCJleHAiOjE2MDgwMTE5ODV9.0uoZYa_OH5XSuMeaalsJ5e_w18IJtEcw6Ysa2--wLs4","type":"text"}],"url":{"raw":"{{host}}/orders","host":["{{host}}"],"path":["orders"]},"description":"# dd"},"response":[]},{"name":"{{host}}/orders","id":"1140fa70-4068-436a-8dbb-d5fd1bb95ae8","protocolProfileBehavior":{"disableBodyPruning":true},"request":{"method":"POST","header":[{"key":"Authorization","value":"Bearer eyJhbGciOiJIUzI1NiIsInR5cCI6IkpXVCJ9.eyJlbWFpbCI6ImVlZUBnbWFpbC5jb20iLCJ1c2VySWQiOiI1ZmQ1OGFiZGM2MWU2ZDI1YjliYzU1MWEiLCJpYXQiOjE2MDc4NjE4NzEsImV4cCI6MTYwNzg2NTQ3MX0.NpHkyZetQYWQfd8ycCItzhroA8RBK2zNr1XqWlQZoc8","type":"text"}],"body":{"mode":"raw","raw":"{\n    \"productId\": \"5fd6069098040d042ef2a195\",\n    \"quantity\": 12\n}","options":{"raw":{"language":"json"}}},"url":{"raw":"{{host}}/orders","host":["{{host}}"],"path":["orders"]}},"response":[]},{"name":"{{host}}/products","id":"76d9db38-c832-4d78-b0c0-3e8777f5c421","protocolProfileBehavior":{"disableBodyPruning":true},"request":{"method":"GET","header":[{"key":"cookie","value":"Cho=Kim;Greet=Hello","type":"text","disabled":true}],"url":{"raw":"{{host}}/products","host":["{{host}}"],"path":["products"]}},"response":[]},{"name":"http://{{host}}/orders/5fd1b228c271ee334ecc400d","id":"5da804ef-8a1e-4848-81e6-95ae3caba5cc","protocolProfileBehavior":{"disableBodyPruning":true},"request":{"method":"DELETE","header":[{"key":"Authorization","value":"Bearer eyJhbGciOiJIUzI1NiIsInR5cCI6IkpXVCJ9.eyJlbWFpbCI6ImVlZUBnbWFpbC5jb20iLCJ1c2VySWQiOiI1ZmQxYTI3YTIyZmIxZjI2ZWUxZjg2ZmQiLCJpYXQiOjE2MDc1NzczNjcsImV4cCI6MTYwNzU4MDk2N30.GzIYFq4rlP6RCSBVRpZulwB-bPmtkMkyV2ShFLNLx_0","type":"text"}],"url":{"raw":"http://{{host}}/orders/5fd1b228c271ee334ecc400d","protocol":"http","host":["{{host}}"],"path":["orders","5fd1b228c271ee334ecc400d"]}},"response":[]}]}